time_day,glucose_g_L,viable_1e6_cells_mL,dead_1e6_cells_mL,product_g_L,volume_L
0.000000000000000000e+00,1.801560000000000050e+00,1.000000000000000000e+00,0.000000000000000000e+00,0.000000000000000000e+00,1.000000000000000000e+00
5.000000000000000278e-02,1.794713630833457030e+00,1.008626338132438294e+00,5.021540896191545355e-04,1.506462268857463498e-04,1.000000000000000000e+00
1.000000000000000056e-01,1.787810627530315832e+00,1.017323857611518001e+00,1.008639014728052305e-03,3.025917044184156914e-04,1.000000000000000000e+00
1.499999999999999944e-01,1.780850585004430275e+00,1.026093063095900648e+00,1.519490231525890984e-03,4.558470694577672843e-04,1.000000000000000000e+00
2.000000000000000111e-01,1.773833089829493614e+00,1.034934469478163477e+00,2.034744082512115419e-03,6.104232247536346689e-04,1.000000000000000000e+00
2.500000000000000000e-01,1.766757731220231165e+00,1.043848588211760742e+00,2.554436827931574634e-03,7.663310483794723901e-04,1.000000000000000000e+00
2.999999999999999889e-01,1.759624097982437796e+00,1.052835931105846834e+00,3.078604917569785319e-03,9.235814752709355958e-04,1.000000000000000000e+00
3.499999999999999778e-01,1.752431777662585732e+00,1.061897011366176535e+00,3.607285083709906633e-03,1.082185525112972033e-03,1.000000000000000000e+00
4.000000000000000222e-01,1.745180356710616110e+00,1.071032343395702080e+00,4.140514323476784941e-03,1.242154297043035656e-03,1.000000000000000000e+00
4.500000000000000111e-01,1.737869420669107878e+00,1.080242442548104087e+00,4.678329893086201514e-03,1.403498967925860324e-03,1.000000000000000000e+00
5.000000000000000000e-01,1.730498554254431109e+00,1.089527825015636164e+00,5.220769311789601186e-03,1.566230793536880356e-03,1.000000000000000000e+00
5.500000000000000444e-01,1.723067341460732482e+00,1.098889007701042253e+00,5.767870351314830987e-03,1.730361105394449166e-03,1.000000000000000000e+00
5.999999999999999778e-01,1.715575365615588099e+00,1.108326508139338085e+00,6.319671039878218578e-03,1.895901311963465443e-03,1.000000000000000000e+00
6.500000000000000222e-01,1.708022209454249207e+00,1.117840844395423083e+00,6.876209665578694903e-03,2.062862899673608558e-03,1.000000000000000000e+00
6.999999999999999556e-01,1.700407455215808827e+00,1.127432534935882025e+00,7.437524776373123821e-03,2.231257432911937146e-03,1.000000000000000000e+00
7.500000000000000000e-01,1.692730684740964664e+00,1.137102098499445546e+00,8.003655179268568884e-03,2.401096553780570578e-03,1.000000000000000000e+00
8.000000000000000444e-01,1.684991479563417993e+00,1.146850053975141392e+00,8.574639940301786306e-03,2.572391982090535892e-03,1.000000000000000000e+00
8.499999999999999778e-01,1.677189421010231829e+00,1.156676920267946107e+00,9.150518385078130687e-03,2.745155515523439033e-03,1.000000000000000000e+00
9.000000000000000222e-01,1.669324090310218667e+00,1.166583216154264635e+00,9.731330098776929186e-03,2.919399029633078582e-03,1.000000000000000000e+00
9.499999999999999556e-01,1.661395068705671108e+00,1.176569460133221945e+00,1.031711492588340343e-02,3.095134477765020941e-03,1.000000000000000000e+00
1.000000000000000000e+00,1.653401937567636537e+00,1.186636170273204005e+00,1.090791296994701037e-02,3.272373890984103199e-03,1.000000000000000000e+00
1.000000000000000000e+00,1.653401937567636537e+00,1.186636170273204005e+00,1.090791296994701037e-02,3.272373890984103199e-03,1.000000000000000000e+00
1.050000000000000044e+00,1.650367508486447088e+00,1.194992998825812114e+00,1.148653554040333577e-02,3.445960662121000904e-03,1.001499999999999835e+00
1.100000000000000089e+00,1.647274923207985742e+00,1.203409394474050265e+00,1.206850784883583758e-02,3.620552354650751013e-03,1.002999999999999670e+00
1.149999999999999911e+00,1.644123929636593706e+00,1.211885731638827624e+00,1.265385711848721582e-02,3.796157135546164661e-03,1.004499999999999726e+00
1.199999999999999956e+00,1.640914268353852012e+00,1.220422393445129705e+00,1.324261124145174363e-02,3.972783372435523090e-03,1.005999999999999561e+00
1.250000000000000000e+00,1.637645683099709260e+00,1.229019758624296355e+00,1.383479790446368908e-02,4.150439371339106724e-03,1.007499999999999396e+00
1.300000000000000044e+00,1.634317916734222331e+00,1.237678206555834715e+00,1.443044493431514495e-02,4.329133480294543486e-03,1.008999999999999453e+00
1.350000000000000089e+00,1.630930710796859140e+00,1.246398117823560803e+00,1.502958033217034230e-02,4.508874099651102862e-03,1.010499999999999510e+00
1.399999999999999911e+00,1.627483805672883976e+00,1.255179874006759677e+00,1.563223226338942423e-02,4.689669679016827616e-03,1.011999999999999345e+00
1.449999999999999956e+00,1.623976940565744931e+00,1.264023857707201381e+00,1.623842907013102466e-02,4.871528721039308091e-03,1.013499999999999179e+00
1.500000000000000000e+00,1.620409853694645408e+00,1.272930452306524796e+00,1.684819925332614945e-02,5.054459775997843969e-03,1.014999999999999236e+00
1.550000000000000044e+00,1.616782282357827949e+00,1.281900041888712094e+00,1.746157146858594300e-02,5.238471440575783074e-03,1.016499999999999071e+00
1.600000000000000089e+00,1.613093962919037505e+00,1.290933011254643104e+00,1.807857453241868209e-02,5.423572359725604974e-03,1.017999999999999128e+00
1.649999999999999911e+00,1.609344630833101419e+00,1.300029745887946842e+00,1.869923742499102898e-02,5.609771227497308693e-03,1.019499999999999185e+00
1.699999999999999956e+00,1.605534020697490627e+00,1.309190631889525669e+00,1.932358928953380184e-02,5.797076786860140378e-03,1.020999999999998797e+00
1.750000000000000000e+00,1.601661866304655790e+00,1.318416055911177054e+00,1.995165943160001273e-02,5.985497829480003126e-03,1.022499999999998854e+00
1.800000000000000044e+00,1.597727900687069491e+00,1.327706405097653475e+00,2.058347731959070046e-02,6.175043195877210137e-03,1.023999999999998911e+00
1.850000000000000089e+00,1.593731856161315630e+00,1.337062067030144519e+00,2.121907258509858618e-02,6.365721775529575854e-03,1.025499999999998746e+00
1.899999999999999911e+00,1.589673464380806589e+00,1.346483429658383857e+00,2.185847502310184556e-02,6.557542506930552628e-03,1.026999999999998803e+00
1.949999999999999956e+00,1.585552456387923970e+00,1.355970881233721892e+00,2.250171459194436410e-02,6.750514377583309231e-03,1.028499999999998638e+00
2.000000000000000000e+00,1.581368562669839273e+00,1.365524810237131126e+00,2.314882141344392838e-02,6.944646424033177994e-03,1.029999999999998472e+00
2.049999999999999822e+00,1.577121513212237369e+00,1.375145605310095887e+00,2.379982577289758289e-02,7.139947731869275040e-03,1.031499999999998529e+00
2.100000000000000089e+00,1.572811037562116931e+00,1.384833655173271838e+00,2.445475811919264539e-02,7.336427435757793096e-03,1.032999999999998586e+00
2.149999999999999911e+00,1.568436864885483617e+00,1.394589348552171426e+00,2.511364906467585326e-02,7.534094719402755977e-03,1.034499999999998421e+00
2.200000000000000178e+00,1.563998724029997733e+00,1.404413074096179992e+00,2.577652938506452829e-02,7.732958815519357619e-03,1.035999999999998256e+00
2.250000000000000000e+00,1.559496343591599166e+00,1.414305220292243481e+00,2.644343001936512796e-02,7.933029005809538042e-03,1.037499999999998312e+00
2.299999999999999822e+00,1.554929451982796751e+00,1.424266175376386556e+00,2.711438206971962875e-02,8.134314620915888278e-03,1.038999999999998369e+00
2.350000000000000089e+00,1.550297777502754215e+00,1.434296327242874813e+00,2.778941680119268939e-02,8.336825040357806471e-03,1.040499999999998204e+00
2.399999999999999911e+00,1.545601048410382150e+00,1.444396063349382864e+00,2.846856564151466207e-02,8.540569692454398967e-03,1.041999999999998261e+00
2.450000000000000178e+00,1.540838993000442914e+00,1.454565770618178044e+00,2.915186018079064453e-02,8.745558054237193360e-03,1.043499999999998096e+00
2.500000000000000000e+00,1.536011339682432641e+00,1.464805835333613526e+00,2.983933217115597100e-02,8.951799651346790607e-03,1.044999999999997931e+00
2.549999999999999822e+00,1.531117817062347841e+00,1.475116643035826902e+00,3.053101352637476937e-02,9.159304057912430116e-03,1.046499999999997987e+00
2.600000000000000089e+00,1.526158154027343894e+00,1.485498578410605175e+00,3.122693632139021680e-02,9.368080896417064693e-03,1.047999999999998044e+00
2.649999999999999911e+00,1.521132079833895645e+00,1.495952025174619893e+00,3.192713279181715741e-02,9.578139837545147223e-03,1.049499999999997879e+00
2.700000000000000178e+00,1.516039324199122129e+00,1.506477365956475412e+00,3.263163533337964245e-02,9.789490600013892388e-03,1.050999999999997714e+00
2.750000000000000000e+00,1.510879617395541663e+00,1.517074982173230779e+00,3.334047650128747764e-02,1.000214295038624225e-02,1.052499999999997771e+00
2.799999999999999822e+00,1.505652690349473133e+00,1.527745253902102807e+00,3.405368900955008105e-02,1.021610670286502397e-02,1.053999999999997605e+00
2.850000000000000089e+00,1.500358274742873421e+00,1.538488559747619222e+00,3.477130573023078791e-02,1.043139171906923464e-02,1.055499999999997662e+00
2.899999999999999911e+00,1.494996103119338615e+00,1.549305276703288881e+00,3.549335969262992774e-02,1.064800790778897867e-02,1.056999999999997719e+00
2.950000000000000178e+00,1.489565908993900623e+00,1.560195780008245992e+00,3.621988408240152391e-02,1.086596522472045578e-02,1.058499999999997332e+00
3.000000000000000000e+00,1.484067426966993786e+00,1.571160442998387197e+00,3.695091224059782187e-02,1.108527367217934656e-02,1.059999999999997389e+00
