time_h,volume_l,biomass_g_l,glucose_g_l,acetate_g_l,fraction_a_g_l,fraction_b_g_l,water_g_l,biomass_g,glucose_g,acetate_g,fraction_a_g,fraction_b_g,water_g
0.0,1.0,7.399999999999998e-05,15.099999999999998,0.14999999999999997,2.67,7.329999999999999,974.749926,7.399999999999998e-05,15.1,0.14999999999999997,2.67,7.33,974.749926
0.1,1.0,8.071417444191199e-05,15.099995379104882,0.15000265904716353,2.6699883636499093,7.329999372449356,974.749926,8.071417444191199e-05,15.099995379104882,0.15000265904716353,2.6699883636499093,7.329999372449357,974.749926
0.2,1.0,8.803753386116529e-05,15.099990338948844,0.150005559353606,2.6699756715203695,7.32999868796009,974.749926,8.803753386116529e-05,15.099990338948844,0.150005559353606,2.6699756715203695,7.32999868796009,974.749926
0.3,1.0,9.602534995335807e-05,15.099984841491784,0.15000872280906694,2.6699618278199817,7.329997941366084,974.749926,9.602534995335808e-05,15.099984841491784,0.15000872280906694,2.6699618278199817,7.329997941366084,974.749926
0.4,1.0,0.00010473791191281629,15.09997884524032,0.15001217329043914,2.6699467280615297,7.329997127032244,974.749926,0.00010473791191281629,15.09997884524032,0.15001217329043914,2.6699467280615297,7.329997127032245,974.749926
0.5,1.0,0.0001142409753535707,15.099972304938786,0.15001593683956624,2.6699302582839595,7.329996238812531,974.749926,0.0001142409753535707,15.099972304938788,0.15001593683956624,2.6699302582839595,7.329996238812531,974.749926
0.6,1.0,0.00012460626379355658,15.099965171224088,0.15002004186185988,2.6699122941832587,7.32999527000309,974.749926,0.00012460626379355658,15.099965171224088,0.15002004186185988,2.6699122941832587,7.32999527000309,974.749926
0.7,1.0,0.00013591200768384116,15.099957390254684,0.15002451933978805,2.6698927001782726,7.329994213291859,974.749926,0.0001359120076838412,15.099957390254684,0.15002451933978805,2.6698927001782726,7.329994213291859,974.749926
0.8,1.0,0.00014824353416585608,15.099948903304668,0.15002940306645618,2.6698713283885995,7.329993060703449,974.749926,0.0001482435341658561,15.099948903304668,0.15002940306645618,2.6698713283885995,7.329993060703449,974.749926
0.9,1.0,0.00016169391250108806,15.099939646319527,0.1500347299012396,2.669848017516005,7.329991803538806,974.749926,0.00016169391250108806,15.099939646319527,0.1500347299012396,2.669848017516005,7.329991803538806,974.749926
1.0,1.0,0.00017636465555319247,15.099929549433304,0.15004054004761883,2.669822591628691,7.329990432309647,974.749926,0.00017636465555319247,15.099929549433304,0.15004054004761885,2.669822591628691,7.329990432309647,974.749926
1.1,1.0,0.00019236648618820623,15.09991853644108,0.15004687735672925,2.66979485883306,7.32998893666681,974.749926,0.00019236648618820623,15.09991853644108,0.15004687735672925,2.66979485883306,7.32998893666681,974.749926
1.2,1.0,0.00020982017271937387,15.099906524223934,0.15005378965826002,2.6697646098258154,7.3299873053221685,974.749926,0.00020982017271937387,15.099906524223934,0.15005378965826002,2.6697646098258154,7.3299873053221685,974.749926
1.3,1.0,0.00022885744019877528,15.099893422121662,0.15006132912139766,2.6697316163146207,7.329985525963437,974.749926,0.00022885744019877528,15.099893422121662,0.15006132912139766,2.6697316163146207,7.329985525963438,974.749926
1.4,1.0,0.0002496219644309031,15.099879131248587,0.15006955264853852,2.6696956292953904,7.3299835851612585,974.749926,0.0002496219644309031,15.099879131248587,0.15006955264853852,2.6696956292953904,7.3299835851612585,974.749926
1.5,1.0,0.00027227045592392944,15.099863543747418,0.15007852230462845,2.669656377173717,7.329981468267869,974.749926,0.00027227045592392944,15.099863543747418,0.15007852230462845,2.669656377173717,7.329981468267869,974.749926
1.5,0.992,0.00027227045592392944,15.099863543747418,0.15007852230462843,2.669656377173717,7.329981468267868,974.749926,0.000270092292276538,14.97906463539744,0.1488778941261914,2.6482991261563273,7.271341616521726,966.9519265920001
1.6,0.992,0.0002969738543725132,15.099846541967032,0.15008830579028828,2.669613563694741,7.329979159305436,974.749926,0.0002945980635375331,14.979047769631297,0.14888759934396598,2.6482566551851834,7.271339326030993,966.9519265920001
1.7,0.992,0.0003239185785883327,15.09982799760206,0.15009897693691057,2.6695668657769276,7.329976640849217,974.749926,0.00032132722995962604,14.979029373621245,0.1488981851214153,2.648210330850712,7.271336827722424,966.9519265920001
1.8,0.992,0.0003533079781909828,15.099807770693593,0.15011061628167807,2.6695159309961785,7.3299738938918395,974.749926,0.00035048151436545494,14.979009308528045,0.14890973135142466,2.648159803548209,7.271334102740704,966.9519265920001
1.9,0.992,0.00038536385441013883,15.099785708582276,0.15012331166996967,2.6694603749501797,7.329970897701125,974.749926,0.00038228094357485777,14.978987422913619,0.14892232517660994,2.6481046919505786,7.271331130519517,966.9519265920001
2.0,0.992,0.00042032812282277493,15.099761644763664,0.15013715891400004,2.6693997783767625,7.329967629664656,974.749926,0.0004169654978401928,14.978963551605558,0.14893606164268802,2.6480445801497488,7.271327888627339,966.9519265920001
2.1,0.992,0.0004584646499943712,15.099735397623872,0.15015226252035818,2.6693336839708914,7.329964065118047,974.749926,0.0004547969327944163,14.978937514442881,0.1489510444201953,2.6479790144991244,7.271324352597103,966.9519265920001
2.2,0.992,0.0005000612373459113,15.099706769073768,0.1501687364758833,2.669261592946501,7.32996017715948,974.749926,0.000496060747447144,14.978909114921178,0.14896738658407624,2.6479075002029293,7.271320495742205,966.9519265920001
2.3,0.992,0.0005454317945030698,15.099675543052765,0.15018670510862006,2.669182961269962,7.329955936446502,974.749926,0.0005410683401470453,14.978878138708343,0.1489852114677511,2.6478294975798025,7.27131628895493,966.9519265920001
2.4,0.992,0.0005949187075814956,15.09964148389828,0.15020630402601956,2.669097195555718,7.3299513109745895,974.749926,0.0005901593579208435,14.978844352027094,0.14900465359381143,2.647744417991272,7.271311700486794,966.9519265920001
2.5,0.992,0.0006488954212146162,15.099604334568037,0.15022768113784285,2.6690036485915103,7.329946265835736,974.749926,0.0006437042578448992,14.978807499891493,0.1490258596887401,2.647651619402778,7.27130669570905,966.9519265920001
2.6,0.992,0.000707769255769993,15.099563814700332,0.15025099777227027,2.6689016144560234,7.329940762955022,974.749926,0.0007021071017238331,14.97876730418273,0.1490489897900921,2.6475504015403755,7.271301236851382,966.9519265920001
2.7,0.992,0.0007719844792454982,15.099519618498894,0.15027642989294826,2.668790323195177,7.32993476080337,974.749926,0.0007658086034115343,14.978723461550903,0.14907421845380467,2.6474400006096155,7.2712952827169435,966.9519265920001
2.8,0.992,0.0008420256577068592,15.099471412425833,0.15030416942643704,2.668668935015712,7.3299282140842426,974.749926,0.0008352894524452044,14.978675641126426,0.14910173607102556,2.647319583535586,7.271288788371569,966.9519265920001
2.9,0.992,0.0009184213099589896,15.099418832685007,0.1503344257102524,2.668536533951559,7.32992107339187,974.749926,0.0009110739394793177,14.978623482023528,0.1491317503045704,2.6471882416799466,7.271281704804736,966.9519265920001
3.0,0.992,0.001001747892313025,15.099361482477917,0.15036742707176282,2.66839212095817,7.32991328483859,974.749926,0.0009937339091745207,14.978566590618096,0.14916448765518872,2.647044983990505,7.271273978559883,966.9519265920001
3.0,0.9840000000000001,0.0010017478923130248,15.099361482477917,0.15036742707176282,2.66839212095817,7.32991328483859,974.749926,0.0009857199260360164,14.857771698758272,0.1479615482386146,2.6256978470228396,7.212634672281173,959.153927184
3.1,0.9840000000000001,0.0010926341539741176,15.099298929004235,0.15040342255401723,2.668234606364589,7.3299047896475225,974.749926,0.0010751520075105317,14.857710146140167,0.14799696779315297,2.6255428526627558,7.212626313013163,959.153927184
3.2,0.9840000000000001,0.0011917658454247962,15.099230700219001,0.15044268378154774,2.668062801713822,7.329895523712173,974.749926,0.0011726975918979995,14.857643009015499,0.148035600841043,2.625373796886401,7.212617195332779,959.153927184
3.3,0.9840000000000001,0.0012998909348650347,15.099156281239724,0.1504855070275996,2.6678754107227904,7.329885417108521,974.749926,0.0012790926799071943,14.857569780739889,0.14807773891515802,2.625189404151226,7.212607250434785,959.153927184
3.4,0.9840000000000001,0.0014178252105984102,15.099075110487307,0.15053221543445566,2.6676710195735014,7.329874393570949,974.749926,0.0013951400072288356,14.857489908719511,0.14812369998750438,2.624988283260326,7.212596403273815,959.153927184
3.5,0.9840000000000001,0.0015464584474684702,15.098986575438177,0.150583161457455,2.6674480862267966,7.329862369915375,974.749926,0.0015217151123089747,14.857402790231168,0.14817383087413574,2.624768916847168,7.21258457199673,959.153927184
3.6,0.9840000000000001,0.0016867611049698544,15.09889000800972,0.15063872951992752,2.6672049288148068,7.329849255412594,974.749926,0.0016597729272903369,14.857307767881565,0.14822850984760869,2.6245296499537702,7.212571667325992,959.153927184
3.7,0.9840000000000001,0.0018397916402875145,15.098784679521616,0.1506993389120922,2.6669397129678583,7.329834951104026,974.749926,0.0018103549740429146,14.85720412464927,0.14828814948949876,2.6242686775603725,7.212557591886362,959.153927184
3.8,0.9840000000000001,0.002006704483023008,15.098669795200706,0.1507654469525173,2.6666504379948237,7.329819349055481,974.749926,0.001974597211294641,14.857091078477497,0.14835319980127706,2.623984030986907,7.2125422394705945,959.153927184
3.9,0.9840000000000001,0.002188758730685904,15.098544488188542,0.15083755243563574,2.6663349218145798,7.3298023315434016,974.749926,0.0021537385909949297,14.856967776377527,0.14842415159666558,2.6236735630655468,7.212525494238707,959.153927184
4.0,0.9840000000000001,0.002387327631646343,15.098407813005462,0.1509161993918464,2.6659907845230193,7.32978377016728,974.749926,0.002349130389540002,14.856833287997375,0.14850154020157685,2.623334931970651,7.212507229844604,959.153927184
4.1,0.9840000000000001,0.00260390892424183,15.098258738423626,0.1510019811875426,2.6656154304766315,7.329763524881865,974.749926,0.0025622463814539607,14.85668659860885,0.14858594948854192,2.622965583589006,7.212487308483755,959.153927184
4.2,0.9840000000000001,0.0028401361119339496,15.098096139693697,0.15109554499687547,2.6652060287542545,7.3297414429415495,974.749926,0.0027946939341430064,14.856526601458599,0.14867801627692545,2.622562732294187,7.212465579854485,959.153927184
4.3,0.9840000000000001,0.003097790758019371,15.097918790067258,0.15119759667851804,2.6647594918523563,7.329717357749179,974.749926,0.003048226105891061,14.856352089426183,0.14877843513166175,2.6221233399827186,7.212441880025192,959.153927184
4.4,0.9840000000000001,0.0033788158884405224,15.097725351553585,0.15130890609272632,2.6642724524604877,7.3296910876008665,974.749926,0.0033247548342254744,14.856161745928729,0.1488879635952427,2.6216440932211205,7.212416030199253,959.153927184
4.5,0.9840000000000001,0.0036853306093511044,15.09751436483672,0.15143031290122247,2.6637412381321934,7.329662434316811,974.749926,0.0036263653196014867,14.855954134999331,0.14900742789480292,2.6211213783220786,7.212387835367743,959.153927184
4.5,0.9760000000000001,0.003685330609351104,15.097514364836718,0.15143031290122244,2.6637412381321934,7.329662434316811,974.7499259999998,0.0035968826747266778,14.735174020080636,0.14779598539159314,2.599811448417021,7.153750535893208,951.3559277759999
4.6,0.9760000000000001,0.00401964604726158,15.09728423827802,0.151562732892924,2.663161843664628,7.329631181747937,974.7499259999998,0.003923174542127303,14.734949416559349,0.14792522730349383,2.599245959416677,7.153720033385987,951.3559277759999
4.7,0.9760000000000001,0.004384282701591462,15.097033235941494,0.15170716487149716,2.662529901031389,7.329597094149859,974.7499259999998,0.004279059916753267,14.734704438278898,0.14806619291458123,2.598629183406636,7.153686763890263,951.3559277759999
4.8,0.9760000000000001,0.004781989406542127,15.0967594645054,0.1518646981831705,2.6618406465274855,7.32955991440563,974.7499259999998,0.004667221660785116,14.734437237357271,0.1482199454267744,2.597956471010826,7.153650476459896,951.3559277759999
4.9,0.9760000000000001,0.005215763973110074,15.09646085901025,0.15203652091345243,2.661088885003945,7.3295193620905135,974.7499259999998,0.005090585637755433,14.734145798394007,0.14838764441152957,2.5972227517638506,7.153610897400342,951.3559277759999
5.0,0.9760000000000001,0.005688875695024523,15.096135167315271,0.15222392882616465,2.660268950873834,7.329475131361406,974.7499259999998,0.005552342678343935,14.733827923299705,0.1485705545343367,2.5964224960528623,7.153567728208732,951.3559277759999
5.1,0.9760000000000001,0.006204889878627345,15.095779933151611,0.15242833510897413,2.6593746656126918,7.3294268886557585,974.7499259999998,0.006055972521540289,14.733481214755974,0.1487700550663588,2.5955496736379873,7.153520643328021,951.3559277759999
5.2,0.9760000000000001,0.006767694587852785,15.09539247763864,0.15265128100209774,2.658399291422509,7.32937427018186,974.7499259999998,0.0066052699177443185,14.733103058175315,0.14898765025804742,2.594597708428369,7.153469287697496,951.3559277759999
5.3,0.9760000000000001,0.007381529788237134,15.094969879134458,0.15289444738412822,2.6573354807409504,7.329316879182971,974.7499259999998,0.007204373073319443,14.732690602035232,0.14922498064690914,2.593559429203168,7.15341327408258,951.3559277759999
5.4,0.9760000000000001,0.008051019109659567,15.094508951266558,0.15315966740335765,2.6561752212156433,7.32925428295444,974.7499259999998,0.00785779465102774,14.732240736436163,0.14948383538567708,2.592427015906468,7.153352180163534,951.3559277759999
5.5,0.9760000000000001,0.008781204458382125,15.094006218980594,0.15344894024751743,2.6549097757446187,7.329186009591782,974.7499259999998,0.008570455551380954,14.731750069725061,0.14976616568157702,2.5911919411267483,7.153285545361579,951.3559277759999
5.6,0.9760000000000001,0.00957758373299267,15.09345789242795,0.15376444615470125,2.6535296171424863,7.329111544445419,974.7499259999998,0.009347721723400848,14.73121490300968,0.15007409944698843,2.5898449063310665,7.15321286737873,951.3559277759999
5.7,0.9760000000000001,0.010446151915573054,15.092859838500626,0.15410856277521523,2.652024356963081,7.3290303262560945,974.7499259999998,0.010195444269599303,14.730631202376612,0.1504099572686101,2.588375772395967,7.153133598425949,951.3559277759999
5.8,0.9760000000000001,0.011393445838183585,15.09220754980113,0.15448388300595808,2.6503826679596907,7.328941742942162,974.7499259999998,0.01112000313806718,14.729994568605903,0.1507762698138151,2.5867734839286585,7.153047141111553,951.3559277759999
5.9,0.9760000000000001,0.012426592945666483,15.091496110819559,0.1548932344277378,2.6485921996279167,7.328845127007867,974.7499259999998,0.012128354714970488,14.729300204159891,0.1511757968014721,2.585025986836847,7.152952843959679,951.3559277759999
6.0,0.9760000000000001,0.01355336440574898,15.090720161068164,0.1553397004884532,2.6466394862245743,7.328739750538728,974.7499259999998,0.013228083660011004,14.72854287720253,0.15161154767673035,2.5831201385551847,7.152849996525799,951.3559277759999
6.0,0.9680000000000001,0.013553364405748978,15.090720161068164,0.1553397004884532,2.646639486224574,7.328739750538728,974.7499259999998,0.013119656744765012,14.607817115913985,0.1503688300728227,2.5619470226653878,7.094220078521489,943.557928368
6.1,0.9680000000000001,0.014782232958255119,15.0898738548938,0.15582664359202747,2.644509846585602,7.328624819746157,974.7499259999998,0.014309201503590956,14.6069978915372,0.15084019099708262,2.5598855314948628,7.09410882551428,943.557928368
6.2,0.9680000000000001,0.016122435857856096,15.088950817712677,0.15635773023906993,2.6421872751311084,7.328499469026626,974.7499259999998,0.015606517910404703,14.606104391545871,0.1513542828714197,2.5576372823269136,7.093987486017775,943.557928368
6.3,0.9680000000000001,0.017584043462401902,15.087944098273532,0.1569369584445391,2.639654323103661,7.328362754482003,974.7499259999998,0.01702135407160504,14.60512988712878,0.15191497577431384,2.5551853847643438,7.09385514633858,943.557928368
6.4,0.9680000000000001,0.019178033859686264,15.08684611666141,0.157568687596344,2.6368919693625124,7.328213646862067,974.7499259999998,0.018564336776176308,14.604067040928246,0.152526489593261,2.5525114263429125,7.093710810162482,943.557928368
6.5,0.9680000000000001,0.02091637405088429,15.08564860766613,0.15825767096934926,2.633879479839563,7.328051023878261,974.7499259999998,0.020247050081255998,14.602907852220815,0.1531934254983301,2.5495953364846975,7.093553391114157,943.557928368
6.6,0.9680000000000001,0.02281210830681021,15.084342559066254,0.15900909115078882,2.6305942545943077,7.327873661827833,974.7499259999998,0.022082120840992286,14.601643597176135,0.1539208002339636,2.5464152384472905,7.093381704649343,943.557928368
6.7,0.9680000000000001,0.024879454264600635,15.082918144409296,0.1598285986156423,2.627011661489942,7.327680226471583,974.7499259999998,0.024083311728133418,14.600264763788202,0.15471408345994178,2.5429472883222637,7.0931944592244935,943.557928368
6.8,0.9680000000000001,0.027133907420042992,15.08136464980213,0.16072235372820953,2.6231048553621785,7.327469263099416,974.7499259999998,0.02626562238260162,14.598760981008462,0.15557923840890686,2.539165499990589,7.092990246680236,943.557928368
6.9,0.9680000000000001,0.029592354716259615,15.079670394187344,0.1616970724675417,2.6188445814749928,7.327239185712738,974.7499259999998,0.02864539936533931,14.597120941573351,0.15652276614858038,2.535041554867793,7.0927675317699315,943.557928368
7.0,0.9680000000000001,0.03227319797476485,15.07782264254159,0.1627600761963809,2.6141989619806503,7.326988265247402,974.7499259999998,0.031240455639572378,14.595332317980262,0.1575517537580967,2.53054459519727,7.0925246407594855,943.557928368
7.1,0.9680000000000001,0.03519648797122168,15.075807511382731,0.1639193458205814,2.6091332640059757,7.326714616754232,974.7499259999998,0.03407020035614259,14.593381671018484,0.15867392675432282,2.5256409995577846,7.092259749018097,943.557928368
7.2,0.9680000000000001,0.03838407000894112,15.073609865925267,0.16518358071205416,2.603609647901416,7.326416185447858,974.7499259999998,0.03715577976865501,14.59125435021566,0.15989770612926843,2.520294139168571,7.091970867513528,943.557928368
7.3,0.9680000000000001,0.04185974189915716,15.071213208169672,0.16656226279780983,2.5975868940955777,7.3260907315273,974.7499259999998,0.04052023015838413,14.588934385508244,0.16123227038827995,2.51446411348452,7.0916558281184265,943.557928368
7.4,0.9680000000000001,0.04564942531006924,15.068599555156275,0.168065726247539,2.5910201069098746,7.325735813664361,974.7499259999998,0.04418864370014703,14.586404369391277,0.16268762300761774,2.508107463488759,7.091312267627102,943.557928368
7.5,0.9680000000000001,0.04978135149938739,15.065749306555453,0.16970523322391648,2.5838603936011437,7.325348771048057,974.7499259999998,0.04818834825140699,14.58364532874568,0.16427466576075117,2.5011768610059075,7.09093761037452,943.557928368
7.5,0.9600000000000002,0.04978135149938738,15.065749306555453,0.16970523322391648,2.5838603936011437,7.325348771048057,974.749926,0.04779009743941189,14.463119334293237,0.16291702389495985,2.4805059778570984,7.0323348202061355,935.75992896
7.6,0.9600000000000002,0.05428626252522368,15.062641100682848,0.17149305620497407,2.576054516766935,7.32492670386208,974.749926,0.05211481202421474,14.460135456655536,0.16463333395677512,2.473012336096258,7.0319296357075975,935.75992896
7.7,0.9600000000000002,0.05919762890552965,15.059251658080099,0.17344256735485417,2.5675445184711245,7.324466452079511,974.749926,0.056829723749308475,14.456881591756897,0.16650486466066,2.4648427377322797,7.031487793996331,935.75992896
7.8,0.9600000000000002,0.06455188516467383,15.055555611440122,0.1755683356236174,2.5582673136437175,7.323964572410089,974.749926,0.06196980975808689,14.45333338698252,0.1685456021986727,2.4559366210979694,7.031005989513687,935.75992896
7.9,0.9600000000000002,0.07038868416715025,15.051525320967354,0.17788623207191795,2.5481542512542377,7.323417313277846,974.749926,0.06757313680046424,14.449464308128661,0.17077078278904126,2.4462280812040684,7.030480620746734,935.75992896
8.0,0.9600000000000002,0.07675117147330134,15.04713067398565,0.1804135440718623,2.5371306411873626,7.322820587669339,974.749926,0.07368112461436929,14.445245447026226,0.17319700230898785,2.4356454155398684,7.029907764162567,935.75992896
8.1,0.9600000000000002,0.08368628102482968,15.042338867455868,0.18316909911250118,2.5251152446436316,7.322169943672743,974.749926,0.08033882978383651,14.440645312757637,0.17584233514800116,2.4241106348578865,7.0292831459258345,935.75992896
8.2,0.9600000000000002,0.09124505315993987,15.037114172201312,0.18617339885303436,2.512019726437258,7.321460532546679,974.749926,0.08759525103354229,14.435629605313263,0.178726462898913,2.4115389373797678,7.028602111244813,935.75992896
8.3,0.9600000000000002,0.09948297607877749,15.031417677417114,0.1894487641815467,2.4977480673820582,7.320687074128048,974.749926,0.0955036570356264,14.430160970320431,0.18187081361428487,2.397838144686776,7.027859591162927,935.75992896
8.4,0.9600000000000002,0.10846035163014338,15.025207014072384,0.19301949200520863,2.4821959354177596,7.319843819392949,974.749926,0.10412193756493766,14.42419873350949,0.1852987123250003,2.3829080980010495,7.027050066617232,935.75992896
8.5,0.9600000000000002,0.11824268615607522,15.018436055703777,0.19691202454229645,2.4652500144034253,7.318924509970452,974.749926,0.11351297870983224,14.417698613475627,0.18903554356060462,2.3666400138272885,7.026167529571635,935.75992896
8.6,0.9600000000000002,0.12890110677332986,15.011054595111132,0.2011551318574681,2.446787290172499,7.317922334411171,974.749926,0.12374506250239668,14.410612411306689,0.19310892658316942,2.3489157985655997,7.025205441034725,935.75992896
8.7,0.9600000000000002,0.1405128030823146,15.00300799541522,0.20578010838098174,2.4266742941827335,7.316829881006579,974.749926,0.13489229095902203,14.402887675598613,0.1975489040457425,2.329607322415425,7.024156685766317,935.75992896
8.8,0.9600000000000002,0.1531614936432334,14.994236814006113,0.21082098407741431,2.4047663063004814,7.315639086965087,974.749926,0.14703503389750408,14.394467341445871,0.20238814471431776,2.3085756540484623,7.023013523486484,935.75992896
8.9,0.9600000000000002,0.16693791580229994,14.98467639789488,0.21631475088773594,2.38090651968163,7.3143411837499235,974.749926,0.16026039917020796,14.385289341979087,0.20766216085222652,2.285670258894365,7.021767536399928,935.75992896
9.0,0.9600000000000002,0.1819403362230279,14.974256449221286,0.22230160487312095,2.354925172965296,7.312926638417493,974.749926,0.17466272277410683,14.375286191252437,0.21340954067819612,2.2607281660466847,7.020409572880794,935.75992896
9.0,0.9520000000000002,0.1819403362230279,14.974256449221286,0.2223016048731209,2.354925172965296,7.312926638417493,974.749926,0.1732072000843226,14.255492139658667,0.21163112783921115,2.241888764662962,6.961906159773454,927.9619295520001
9.1,0.9520000000000002,0.19827507815129689,14.962900559678053,0.2288252043979881,2.3266386574833997,7.311385090797497,974.749926,0.18875787440003466,14.244681332813508,0.2178415945868847,2.214960001924197,6.960438606439219,927.9619295520001
9.2,0.9520000000000002,0.21605705869299136,14.950525713310546,0.2359329441734043,2.295848612205069,7.309705286452711,974.749926,0.2056863198757278,14.232900479071642,0.22460816285308094,2.185647878819226,6.958839432702981,927.9619295520001
9.3,0.9520000000000002,0.23541032811009546,14.937041756859687,0.24367624503576774,2.2623410215878184,7.307875005317809,974.749926,0.2241106323608109,14.220063752530423,0.23197978527405091,2.1537486525516036,6.957097005062556,927.9619295520001
9.4,0.9520000000000002,0.25646859721842163,14.922350838284936,0.2521108582377269,2.225885342320443,7.30588098611986,974.749926,0.24415810455193743,14.206077998047261,0.24000953704231603,2.1190428458890627,6.955198698786107,927.9619295520001
9.5,0.9520000000000002,0.27937573533284216,14.906346814851778,0.2612971824212819,2.1862336916264824,7.303708846784502,974.749926,0.26596570003686576,14.190842167738895,0.24875491766506044,2.0812944744284114,6.9531308221388475,927.9619295520001
9.6,0.9520000000000002,0.3042862135746879,14.88891463275151,0.2713005906461382,2.1431201440160565,7.301343001116491,974.749926,0.2896804753231029,14.174246730379439,0.2582781622951236,2.0402503771032863,6.950878537062901,927.9619295520001
9.7,0.9520000000000002,0.33136545760001623,14.869929682774778,0.28219176288359377,2.096260203067706,7.298766572391795,974.749926,0.3154599156352155,14.15617305800159,0.2686465582651813,1.9956397133204564,6.948425776916991,927.9619295520001
9.8,0.9520000000000002,0.3607900620688009,14.849257139074616,0.29404701735749256,2.045350536393767,7.295961304840481,974.749926,0.3434721390894985,14.136492796399038,0.27993276052433297,1.9471737106468667,6.945755162208139,927.9619295520001
9.9,0.9520000000000002,0.39274779671966825,14.82675129088938,0.3069486311819964,1.9900691036150056,7.2929074743925595,974.749926,0.37389590247712423,14.115067228926693,0.29221509688526065,1.8945457866414857,6.9428479156217175,927.9619295520001
10.0,0.9520000000000002,0.4274373091363389,14.80225488260201,0.3209851363137646,1.9300758527298991,7.289583800804691,974.749926,0.40692031829779474,14.091746648237118,0.3055778497707039,1.8374322117988642,6.939683778366067,927.9619295520001
10.1,0.9520000000000002,0.4650673869018458,14.775598484061574,0.3362515706105,1.865014238823643,7.285967364180514,974.749926,0.44274415233055725,14.06636975682662,0.32011149522119603,1.7754935553601086,6.93624093069985,927.9619295520001
10.2,0.9520000000000002,0.5058555841725191,14.746599923042407,0.3528496546973852,1.7945139258612626,7.282033530247841,974.749926,0.48157451613223823,14.038763126736372,0.3359128712719108,1.7083772574199223,6.932495920795946,927.9619295520001
10.3,0.9520000000000002,0.5500259301174756,14.715063825734337,0.3708878519000645,1.7181951949455072,7.277755890658564,974.749926,0.5236246854718368,14.008740762099091,0.35308523500886146,1.6357218255881232,6.928423607906954,927.9619295520001
10.4,0.9520000000000002,0.5978053032287232,14.680781331813547,0.3904812480366411,1.6356758307321668,7.2731062273766085,974.749926,0.5691106486737445,13.976103827886499,0.3717381481308824,1.557163390857023,6.923997128462533,927.9619295520001
10.5,0.9520000000000002,0.6494178500209609,14.643530081141785,0.4117511563430659,1.546581641096241,7.26805451434793,974.749926,0.6182457932199548,13.940640637246982,0.39198710083859883,1.4723457223236216,6.9191878976592305,927.9619295520001
10.5,0.9440000000000002,0.6494178500209609,14.643530081141785,0.4117511563430659,1.546581641096241,7.268054514347929,974.749926,0.6130504504197871,13.823492396597848,0.3886930915878543,1.4599730691948518,6.861043461544447,920.1639301440001
10.6,0.9440000000000002,0.7050765006479793,14.603074615135236,0.4348243027278312,1.4505623753380685,7.262568975867459,974.749926,0.6655922166116925,13.785302436687667,0.41047414177507274,1.369330882319137,6.855865113218882,920.1639301440001
10.677222222222222,0.9440000000000002,0.7509467571740401,14.569485313711521,0.45395835622601216,1.3714817705380293,7.258015009113205,974.749926,0.708893738772294,13.753594136143679,0.4285366882773555,1.2946787913878999,6.851566168602867,920.1639301440001
10.677222222222222,0.9451000000000002,0.7500727317450999,14.55252791889078,0.45342999500302134,1.3698855056479735,7.249567419958592,974.7793145106338,0.708893738772294,13.753594136143679,0.4285366882773555,1.2946787913878999,6.851566168602867,921.2639301440001
10.7,0.9451000000000002,0.7640775507168657,14.542222077994913,0.45929599090902307,1.3457517036789386,7.248170580582563,974.7793145106338,0.7221296931825099,13.743854085912993,0.4340806410081178,1.271869935146965,6.850246015708582,921.2639301440001
10.715555555555556,0.9451000000000002,0.7737722848829361,14.535073700323533,0.4633634623033076,1.3290482725298036,7.247201727435075,974.7793145106338,0.731292186442863,13.737098154175772,0.43792480822285607,1.2560835223679176,6.849330352598891,921.2639301440001
10.715555555555556,0.9470000000000002,0.7722198378488521,14.50591146164284,0.4624337996017487,1.326381755404348,7.232661407179398,974.8299156747623,0.731292186442863,13.737098154175772,0.43792480822285607,1.2560835223679176,6.849330352598891,923.1639301440001
10.719722222222222,0.9470000000000002,0.774828723204811,14.503985259155264,0.4635295839004725,1.3218873175369648,7.23240044173445,974.8299156747623,0.733762800874956,13.735274040420038,0.4389625159537475,1.2518272897075058,6.849083218322526,923.1639301440001
10.719722222222222,0.9471,0.7747469125487868,14.502453849033932,0.46348064191083044,1.3217477454413533,7.2316368053241735,974.832573269982,0.733762800874956,13.735274040420038,0.4389625159537475,1.2518272897075058,6.849083218322526,923.2639301440001
10.744722222222222,0.9471,0.7905585534943902,14.490760602352337,0.47013095147724937,1.2945124174984253,7.230052649994423,974.832573269982,0.7487380060145371,13.7241993664879,0.4452610241441029,1.2260327106127586,6.847582864809719,923.2639301440001
10.744722222222222,0.9490000000000001,0.7889757702998282,14.46174854213688,0.4691896987819841,1.29192066450238,7.215577307491801,974.8829611633298,0.7487380060145371,13.7241993664879,0.4452610241441029,1.2260327106127586,6.847582864809719,925.1639301440001
10.748888888888889,0.9490000000000001,0.7916317310626527,14.459780576639785,0.47030858820411997,1.2873465862341857,7.215310801224083,974.8829611633298,0.7512585127784575,13.722331767231157,0.4463228502057099,1.2216919103362425,6.8473299503616545,925.1639301440001
10.748888888888889,0.9495,0.7912148633791021,14.452166158221335,0.47006092702023156,1.286668678605837,7.2115112694698835,974.8961876187467,0.7512585127784575,13.722331767231157,0.4463228502057099,1.2216919103362425,6.8473299503616545,925.663930144
10.8,0.9495,0.8243977660173957,14.427494192759221,0.48408028580885476,1.2295392862513932,7.2081706153290845,974.8961876187467,0.7827656788335172,13.69890573602488,0.45963423137550763,1.167447552295698,6.844157999254966,925.663930144
10.9,0.9495,0.892660211482093,14.376208332041687,0.5131723406006047,1.112129441008858,7.201227246575749,974.8961876187467,0.8475808708022473,13.650209811273582,0.4872571374002742,1.0559669042379107,6.837565270623674,925.663930144
11.0,0.9495,0.9652856397495102,14.320712623715483,0.5445635629001836,0.9874181604212584,7.193715268289595,974.8961876187467,0.91653871494216,13.59751663621785,0.5170631029737244,0.9375535433199849,6.830432647240971,925.663930144
11.1,0.9495,1.0420280646210454,14.260752641676683,0.5783520658665439,0.8559295264727683,7.185600570561933,974.8961876187467,0.9894056473576827,13.540584633272012,0.5491452865402834,0.8127050853858936,6.8227277417485555,925.663930144
11.177222222222222,0.9495,1.1037684271089225,14.21124791117482,0.6061234485846195,0.7504322053519082,7.178902067753695,974.8961876187467,1.0480281215399219,13.493579891660492,0.5755142144310963,0.7125353789816369,6.816367513332134,925.663930144
11.177222222222222,0.9496,1.1036521920176094,14.209751360215346,0.6060596192408344,0.7503531792140236,7.178146075539315,974.8988312384163,1.0480281215399219,13.493579891660492,0.5755142144310963,0.7125353789816369,6.816367513332134,925.763930144
11.2,0.9496,1.1222072010499031,14.194602418410337,0.6145307555251087,0.7187104798091873,7.176096530065021,974.8988312384163,1.065647958116988,13.479194456522457,0.5835584054466433,0.6824874716268043,6.814421264949743,925.763930144
11.3,0.9496,1.2049741700080625,14.125075964833199,0.6532064201984374,0.5780286766711478,7.166691428873179,974.8988312384163,1.1442434718396561,13.413172136205604,0.6202848166204362,0.5488960313669219,6.805490180857971,925.763930144
11.4,0.9496,1.2883134359187554,14.050575442648766,0.6941552255140608,0.4374909870040898,7.156615911546719,974.8988312384163,1.22338243874845,13.342426440339267,0.6591698021481522,0.41544144125908367,6.795922469604765,925.763930144
11.5,0.9496,1.3690311853486254,13.971154727894179,0.7369287659519976,0.30333374862009066,7.145877771986651,974.8988312384163,1.3000320136070547,13.267008529608312,0.6997875561480169,0.2880457276896381,6.785725532278524,925.763930144
11.6,0.9496,1.4423017177658362,13.887107098486636,0.7804878915579325,0.18524359274010246,7.134517186132387,974.8988312384163,1.3696097111904382,13.18719690072291,0.7411513018234127,0.17590731566600132,6.774937519951314,925.763930144
11.7,0.9496,1.502693559200058,13.799044724438428,0.8225677010779935,0.09520142858082085,7.12261740220117,974.8988312384163,1.4269578038163753,13.103572870326731,0.7811102889436626,0.09040327658034748,6.763637485130231,925.763930144
11.8,0.9496,1.5487286316433857,13.707817336394731,0.8588580675842487,0.04031221010823383,7.110293682354236,974.8988312384163,1.4706727086085591,13.016943342640436,0.8155716209780025,0.038280474718778844,6.751934880763582,925.763930144
11.9,0.9496,1.5868630822654575,13.614123649196056,0.8841668371956982,0.014565542698427523,7.0976407736766305,974.8988312384163,1.5068851829192784,12.927971817276573,0.839604828601035,0.013831439346426777,6.739919678683328,925.763930144
12.0,0.9496,1.624938191226361,13.51818191201622,0.8975725297612838,0.004772863751226019,7.084688461017184,974.8988312384163,1.5430413063885524,12.836865543650601,0.852334874261315,0.004532311418164228,6.7276201625819185,925.763930144
12.0,0.9416,1.624938191226361,13.51818191201622,0.8975725297612838,0.00477286375122602,7.084688461017184,974.8988312384163,1.5300418008587415,12.728720088354471,0.8451542940232248,0.0044941285081544205,6.670942654893781,917.9647394940928
12.1,0.9416,1.6653694456512371,13.419898262384063,0.9034504199111639,0.0014772602883719123,7.071424384490313,974.8988312384163,1.568111870025205,12.636176203860833,0.850688915388352,0.0013909882875309926,6.658453200436078,917.9647394940928
12.2,0.9416,1.7077291996202386,13.319140781000185,0.9061152195362087,0.0004393460557004184,7.057831076257316,974.8988312384163,1.6079978143624165,12.541302959389773,0.8531980907152941,0.00041368824604751396,6.64565374140389,917.9647394940928
12.3,0.9416,1.7515198918873918,13.215811067169785,0.9076811450714137,0.00012625645522927752,7.043895622024563,974.8988312384163,1.6492311302011682,12.44400770084707,0.8546725661992433,0.00011888307824388772,6.63253211769833,917.9647394940928
12.4,0.9416,1.796546491659129,13.109830858180592,0.9089201871527416,3.5103553985801886e-05,7.029607850935988,974.8988312384163,1.691628176546236,12.344216736062846,0.8558392482230215,3.3053506433031053e-05,6.619078752441326,917.9647394940928
12.5,0.9416,1.8427630290067492,13.001128412918352,0.9100811726181193,9.441080025824397e-06,7.0149584971537475,974.8988312384163,1.735145668112755,12.241862513603921,0.8569324321372211,8.889720952316251e-06,6.605284920919969,917.9647394940928
12.6,0.9416,1.8901762196714293,12.889632901993757,0.9112397435747419,2.454607926904987e-06,6.999938443694219,974.8988312384163,1.779789928442618,12.13687834051732,0.8580233425499769,2.311258823973736e-06,6.591142038582477,917.9647394940928
12.7,0.9416,1.9388097678336813,12.775272519699477,0.9124182670753543,6.16425406020575e-07,6.9845384690433265,974.8988312384163,1.8255832773921943,12.029196604549028,0.8591330402781536,5.804261623089734e-07,6.576641422451197,917.9647394940928
12.8,0.9416,1.9886929421198112,12.657973878415225,0.9136234530059248,1.4939630799862e-07,6.968749166994582,974.8988312384163,1.8725532743000142,11.918748203915776,0.8602678433503789,1.406715636115006e-07,6.561774215642099,917.9647394940928
12.9,0.9416,2.039857157530635,12.53766180142501,0.9148575836467939,3.4911789890579875e-08,6.952560920338389,974.8988312384163,1.9207294995308457,11.80546235222179,0.8614299007618211,3.287294136097001e-08,6.546531362590628,917.9647394940928
13.0,0.9416,2.0923350056605177,12.41425923265751,0.9161217376569506,7.85959448048303e-09,6.935963890410746,974.8988312384163,1.9701426413299434,11.689266493470312,0.8626202281777846,7.40059416282282e-09,6.530903599210759,917.9647394940928
13.1,0.9416,2.1461600000528955,12.287687178965799,0.9174166822191377,1.7033114432304556e-09,6.918948011119113,974.8988312384163,2.0208242560498064,11.570086247714197,0.8638395479775401,1.6038380549457972e-09,6.514881447269757,917.9647394940928
13.2,0.9416,2.201366522716822,12.15786466070456,0.9187431106989722,3.552110299790498e-10,6.901502984179105,974.8988312384163,2.0728067177901597,11.447845364519413,0.8650885130341522,3.344667058282733e-10,6.498455209903046,917.9647394940928
13.3,0.9416,2.2579898253482376,12.02470866391295,0.9201017031901124,7.154943521574874e-11,6.883618274662885,974.8988312384163,2.1261232195479005,11.322465677940434,0.8663677637238099,6.737094819914902e-11,6.481614967422572,917.9647394940928
13.4,0.9416,2.3160660450690074,11.888134092342655,0.9214931408132349,1.4004831738890996e-11,6.865283106624746,974.8988312384163,2.1808077880369776,11.193867061349845,0.867677941389742,1.3186949565339763e-11,6.464350573197861,917.9647394940928
13.5,0.9416,2.375632224062093,11.748053718909429,0.922918108297409,2.804939474507563e-12,6.846486458749571,974.8988312384163,2.2368953021768663,11.061967381725118,0.8690196907728402,2.6411310091963213e-12,6.446651649558596,917.9647394940928
13.5,0.9336,2.3756322240620924,11.748053718909429,0.9229181082974088,2.804939474507563e-12,6.846486458749572,974.8988312384163,2.2178902443843698,10.967982951973843,0.861636345906461,2.618691493400261e-12,6.3918797578886,910.1655488441854
13.6,0.9336,2.4367263316694414,11.604378133489673,0.9243772936279062,0.0,6.827217059637253,974.8988312384163,2.2749277032465907,10.83384742542596,0.8629986413310132,0.0,6.373889846877339,910.1655488441854
13.7,0.9336,2.4993872813490783,11.457015703401114,0.9258713867490601,0.0,6.8074633848042385,974.8988312384163,2.3334279658674997,10.69626986069528,0.8643935266689226,0.0,6.355447816053237,910.1655488441854
13.8,0.9336,2.5636549570302787,11.305872512001782,0.9274010780987836,0.0,6.7872136509249,974.8988312384163,2.3934282678834684,10.555162577204865,0.8658216465130243,0.0,6.336542664503487,910.1655488441854
13.9,0.9336,2.6295702345547105,11.150852309036875,0.9289670566469579,0.0,6.766455811870529,974.8988312384163,2.4549667709802776,10.410435715716828,0.8672836440855999,0.0,6.3171631459623265,910.1655488441854
14.0,0.9336,2.6971750013847613,10.991856465229835,0.9305700077683506,0.0,6.745177555113936,974.8988312384163,2.5180825812928136,10.261997195938575,0.8687801592525322,0.0,6.297297765454371,910.1655488441854
14.1,0.9336,2.7665121806058504,10.828783917015594,0.9322106106963514,0.0,6.72336629717875,974.8988312384163,2.582815771813622,10.109752664925757,0.8703118261461137,0.0,6.27693477504608,910.1655488441854
14.2,0.9336,2.8376257528064084,10.661531116520417,0.93388953559408,0.0,6.701009179759189,974.8988312384163,2.649207402820063,9.95360545038346,0.8718792704306331,0.0,6.256062170223179,910.1655488441854
14.3,0.9336,2.9105607789487538,10.4899919795399,0.9356074401294928,0.0,6.678093065705449,974.8988312384163,2.7172995432265563,9.793456512098452,0.8734831061048945,0.0,6.234667686142608,910.1655488441854
14.4,0.9336,2.98536342248526,10.314057835633223,0.9373649655712762,0.0,6.6546045352820675,974.8988312384163,2.787135291232239,9.629204395347177,0.8751239318573436,0.0,6.212738794139338,910.1655488441854
14.5,0.9336,3.0620809718387614,10.133617377843866,0.9391627321776245,0.0,6.630529882481217,974.8988312384163,2.8587587953086677,9.460745183955034,0.8768023267610302,0.0,6.190262698284465,910.1655488441854
14.6,0.9336,3.140761862525876,9.948556613795311,0.9410013338448946,0.0,6.605855111519624,974.8988312384163,2.932215274854158,9.287972454639304,0.8785188452775936,0.0,6.167226332114721,910.1655488441854
14.7,0.9336,3.221455698839057,9.758758818480155,0.9428813318604958,0.0,6.58056593354089,974.8988312384163,3.0075510404361436,9.110777232933073,0.880274011424959,0.0,6.143616355553775,910.1655488441854
14.8,0.9336,3.3042132750171973,9.564104489049724,0.9448032475830144,0.0,6.554647763528094,974.8988312384163,3.0848135135560555,8.929047950976821,0.8820683119435022,0.0,6.119419152029829,910.1655488441854
14.9,0.9336,3.3890865955849168,9.364471302522068,0.9467675538525061,0.0,6.528085717479357,974.8988312384163,3.164051245638078,8.742670408034604,0.8839021882766998,0.0,6.094620825838727,910.1655488441854
15.0,0.9336,3.476128894638923,9.159734077142637,0.9487746648717725,0.0,6.500864609873025,974.8988312384163,3.2453139360348984,8.551527734420366,0.8857760271242868,0.0,6.069207199777456,910.1655488441854
15.0,0.9256000000000001,3.476128894638923,9.159734077142636,0.9487746648717724,0.0,6.500864609873024,974.8988312384163,3.2175049048777873,8.478249861803224,0.8781858298053127,0.0,6.017200282898472,902.3663581942782
15.1,0.9256000000000001,3.565394655113058,8.949764735261585,0.9508249242086659,0.0,6.472968951093945,974.8988312384163,3.3001292927726467,8.283902238958124,0.8800835498475412,0.0,5.991380061132555,902.3663581942782
15.2,0.9256000000000001,3.6569396193785924,8.734432288234753,0.9529185907285277,0.0,6.4443829470730885,974.8988312384163,3.384863311696825,8.084590525990087,0.8820214475783252,0.0,5.964920855810851,902.3663581942782
15.3,0.9256000000000001,3.7508208108253216,8.513602797987776,0.9550558214001452,0.0,6.415090495771921,974.8988312384163,3.471759742499918,7.880190749817486,0.8839996682879745,0.0,5.93780776288649,902.3663581942782
15.4,0.9256000000000001,3.8470965390557974,8.287139379424373,0.9572366512950539,0.0,6.385075187736543,974.8988312384163,3.5608725565500463,7.6705762095951995,0.8860182444387019,0.0,5.910025593768945,902.3663581942782
15.5,0.9256000000000001,3.9458264082601966,8.054902198909568,0.9594609692265486,0.0,6.354320305312714,974.8988312384163,3.652256923485638,7.455617475310698,0.8880770731160934,0.0,5.881558874597449,902.3663581942782
15.6,0.9256000000000001,4.04707131850417,7.816748493854702,0.9617284880013939,0.0,6.322808823074417,974.8988312384163,3.7459692124074597,7.235182405911912,0.8901758884940902,0.0,5.85239184663768,902.3663581942782
15.677222222222222,0.9256000000000001,4.127015145468841,7.628700386286445,0.9635087706006413,0.0,6.297946285667571,974.8988312384163,3.8199652186459594,7.061125077546733,0.8918237180679537,0.0,5.829379082013904,902.3663581942782
15.677222222222222,0.9272000000000001,4.119893462732915,7.615536106068521,0.9618461152587937,0.0,6.287078388712148,974.9421464562964,3.8199652186459594,7.061125077546733,0.8918237180679537,0.0,5.829379082013904,903.9663581942782
15.7,0.9272000000000001,4.143729897508371,7.559465892807366,0.9623750081742829,0.0,6.2796710438381185,974.9421464562964,3.8420663609697616,7.009136775810991,0.8923141075791952,0.0,5.822510991846704,903.9663581942782
15.8,0.9272000000000001,4.250005940122165,7.309474513697426,0.9647225230068234,0.0,6.246663310260271,974.9421464562964,3.940605507681272,6.777344769100254,0.8944907233319268,0.0,5.791906221273324,903.9663581942782
15.879444444444445,0.9272000000000001,4.336358091834914,7.106351114438304,0.9666166204450315,0.0,6.219865625150885,974.9421464562964,4.020671222749332,6.589008753307197,0.8962469304766333,0.0,5.767059407639902,903.9663581942782
15.879444444444445,0.9292000000000001,4.327024561719039,7.091055481389578,0.9645360853170826,0.0,6.20647805385267,974.9960807084352,4.020671222749332,6.589008753307197,0.8962469304766333,0.0,5.767059407639902,905.9663581942782
15.883611111111112,0.9292000000000001,4.3315911648041165,7.080313424086171,0.964635875669527,0.0,6.205062050645618,974.9960807084352,4.024914510335986,6.579027233660871,0.8963396556721247,0.0,5.765743657459909,905.9663581942782
15.883611111111112,0.9293000000000001,4.331125051475288,7.079551526590843,0.964532073250968,0.0,6.204394337092338,974.9987713271044,4.024914510335986,6.579027233660871,0.8963396556721247,0.0,5.765743657459909,906.0663581942781
15.9,0.9293000000000001,4.349131404921425,7.037195041788486,0.9649251973082554,0.0,6.198811618738572,974.9987713271044,4.041647814593481,6.5396653523340404,0.896704985858562,0.0,5.760555637293755,906.0663581942781
16.0,0.9293000000000001,4.460617484264772,6.7749475802653,0.9673464581743767,0.0,6.164265327518712,974.9987713271044,4.145251828127253,6.2959587863405435,0.8989550635814484,0.0,5.72845176886314,906.0663581942781
16.1,0.9293000000000001,4.574930197979077,6.506055888524221,0.9698049927880832,0.0,6.128877015892639,974.9987713271044,4.251482632981957,6.046077737205559,0.9012397797979658,0.0,5.695565410869031,906.0663581942781
16.177222222222223,0.9293000000000001,4.665182084934795,6.293765733142255,0.971727484204417,0.0,6.100961379862897,974.9987713271044,4.335353711529906,5.848796495809099,0.9030263510711648,0.0,5.669623410306591,906.0663581942781
16.177222222222223,0.9306000000000001,4.658665067193107,6.284973668395764,0.9703700312391627,0.0,6.092438652811724,975.0336967486332,4.335353711529906,5.848796495809099,0.9030263510711648,0.0,5.669623410306591,907.3663581942782
16.2,0.9306000000000001,4.685582064752059,6.221659659435258,0.9709399214839891,0.0,6.084119423322741,975.0336967486332,4.360402669458267,5.789876479070452,0.9035566909330003,0.0,5.6618815353441425,907.3663581942782
16.3,0.9306000000000001,4.8055816389448935,5.9394034758982945,0.9734606507023699,0.0,6.047053870945346,975.0336967486332,4.472074273202119,5.527208874670953,0.9059024815436255,0.0,5.62738833230174,907.3663581942782
16.4,0.9306000000000001,4.928609664455617,5.65003639516139,0.9760087730661444,0.0,6.009090944508021,975.0336967486332,4.586564153742398,5.257923869337191,0.9082737642153541,0.0,5.592060032959164,907.3663581942782
16.5,0.9306000000000001,5.054736185567424,5.353397955180764,0.978579040786695,0.0,5.970211182252501,975.0336967486332,4.703937494289045,4.981872137091219,0.9106656553560984,0.0,5.555878526204178,907.3663581942782
16.5,0.9226000000000001,5.054736185567424,5.353397955180764,0.978579040786695,0.0,5.970211182252501,975.0336967486332,4.663499604804506,4.939044953449773,0.902837023029805,0.0,5.508116836746158,899.5660886202891
16.6,0.9234000000000002,5.179582566239597,5.564633367372622,0.9803573442559333,0.0,5.9252607533380885,974.8266066929708,4.782826541665645,5.13838245143188,0.905261971685929,0.0,5.471385779632392,900.1548886202895
16.677222222222223,0.924017777777778,5.278115189575773,5.722124404233531,0.9817954561689803,0.0,5.889954889738275,974.6669325244587,4.877072268326942,5.287344676167859,0.9071964556415811,0.0,5.442423028427319,900.6095730647339
16.677222222222223,0.924917777777778,5.27297926962186,5.716556436909793,0.9808401108055523,0.0,5.884223613371742,974.6915831055977,4.877072268326942,5.287344676167859,0.907196455641581,0.0,5.442423028427319,901.5095730647339
16.7,0.9250999999999997,5.302373690543647,5.762018096542323,0.9812747035325302,0.0,5.873722794181073,974.6445666633767,4.905225901121926,5.3304429411113015,0.9077772282379433,0.0,5.433780956896908,901.6436886202896
16.8,0.9258999999999997,5.433386357967112,5.956419131373996,0.9832404820305682,0.0,5.8270744322520684,974.4383719843285,5.030772428841747,5.5150484737391805,0.9103823623121028,0.0,5.3952882168221885,902.2324886202894
16.9,0.9266999999999996,5.567655068137178,6.1422386356693215,0.9853003607335901,0.0,5.779521131270868,974.2325333120639,5.15954595164272,5.692012543674758,0.9130778442918176,0.0,5.355882232348711,902.8212886202892
17.0,0.9274999999999997,5.705257916210025,6.319294016147197,0.9874544276897804,0.0,5.731044496003359,974.0270497253797,5.291626717284796,5.861145199976522,0.915863981682271,0.0,5.315543770043114,903.4100886202892
17.0,0.9274999999999997,5.705257916210025,6.319294016147197,0.9874544276897804,0.0,5.731044496003359,974.0270497253797,5.291626717284796,5.861145199976522,0.915863981682271,0.0,5.315543770043114,903.4100886202892
17.1,0.9284999999999995,5.845023685290531,6.615214637415098,0.9894979135866422,0.0,5.680403237492806,973.7706931828646,5.427104491792256,6.142226790839915,0.9187488127651968,0.0,5.2742544060120675,904.1460886202893
17.177222222222223,0.9292722222222217,5.955311932496549,6.837214105725918,0.9911510301305299,0.0,5.640658716253529,973.5731065030112,5.5341059535375825,6.353633145837045,0.9210491203272417,0.0,5.241707460050061,904.714444175845
17.177222222222223,0.9295722222222217,5.9533899800790415,6.8350075378200765,0.9908311568577157,0.0,5.638838311583055,973.5816352303759,5.5341059535375825,6.353633145837045,0.9210491203272415,0.0,5.241707460050061,905.014444175845
17.2,0.9297999999999993,5.986309273529888,6.899370557990845,0.9913310829923526,0.0,5.627012546674385,973.5234336634652,5.566070362528086,6.415034744819883,0.9217396409662888,0.0,5.231996265897839,905.1820886202893
17.3,0.9307999999999992,6.133014427077158,7.175941309359842,0.9935927175477932,0.0,5.574507287077384,973.2682516333155,5.7086098287234135,6.679366170752135,0.9248361014934852,0.0,5.188751382811625,905.9180886202893
17.4,0.9317999999999991,6.28333536452155,7.442595959736783,0.9959630866171048,0.0,5.521031804549014,973.013617321625,5.854811892661175,6.935010915282727,0.9280384041098173,0.0,5.144497435478766,906.6540886202893
17.5,0.9327999999999991,6.437357835705385,7.699135097553264,0.998442257529801,0.0,5.466567769773107,972.7595289668635,6.004767389145977,7.181753218997677,0.9313469378237973,0.0,5.099214415644349,907.3900886202894
17.5,0.9327999999999991,6.437357835705385,7.699135097553264,0.998442257529801,0.0,5.466567769773107,972.7595289668635,6.004767389145977,7.181753218997677,0.9313469378237973,0.0,5.099214415644349,907.3900886202894
17.6,0.9340999999999993,6.59306049878391,8.135471158539985,1.0007182526414289,0.0,5.409360864176731,972.4300274277807,6.158577811914045,7.599343609192195,0.9347709197923578,0.0,5.0528839832274794,908.3468886202892
17.677222222222223,0.9351038888888882,6.715892167787075,8.464720535013065,1.0025619844334672,0.0,5.364514494713115,972.1762059215772,6.28005688345612,7.915393090648348,0.9374996104958963,0.0,5.016378366007043,909.0857508425114
17.677222222222223,0.9361038888888883,6.708717865610253,8.4556780338169,1.0014909900744722,0.0,5.358783811870763,972.2059288982773,6.28005688345612,7.915393090648348,0.9374996104958964,0.0,5.016378366007043,910.0857508425114
17.7,0.9363999999999995,6.745349640861468,8.551399529429064,1.0020486846315546,0.0,5.3454619771132155,972.1312351775839,6.316345403702675,8.00753051935737,0.9383183882889872,0.0,5.005490595368812,910.303688620289
17.8,0.9376999999999994,6.908569352373749,8.964578502005217,1.0045734562773743,0.0,5.286361394828713,971.8038697027722,6.47816548172086,8.406085261330288,0.9419885299512933,0.0,4.957021079930882,911.2604886202889
17.9,0.9389999999999993,7.075761435990471,9.366100772126249,1.007222286896111,0.0,5.226247073191595,971.4774106712349,6.644139988395048,8.79476862502654,0.9457817273954474,0.0,4.907446001726903,912.217288620289
18.0,0.9402999999999992,7.247018508909739,9.755754463753156,1.009995099050137,0.0,5.165101936433519,971.1518543233964,6.8143715039278225,9.173335922267086,0.949698391636843,0.0,4.856745350828434,913.1740886202889
18.0,0.9322999999999994,7.247018508909739,9.755754463753153,1.009995099050137,0.0,5.165101936433519,971.1518543233964,6.756395355856545,9.09528988655706,0.9416184308444419,0.0,4.815424535336966,905.4048737857017
18.1,0.934099999999999,7.418384781865434,10.456011582147733,1.0123488819188158,0.0,5.100120966087564,970.6987193937509,6.929513224740495,9.766960418884187,0.9456350906003648,0.0,4.764022994422389,906.7296737857018
18.177222222222223,0.9354899999999993,7.553515108195661,10.987185648344237,1.0142646321766602,0.0,5.049273551258795,970.3499917537362,7.066237848565953,10.278402302169543,0.948834420754943,0.0,4.7235449144670865,907.7527137857019
18.177222222222223,0.9356899999999992,7.551900574512882,10.984837181298882,1.0140478371628892,0.0,5.048194289205923,970.3563293245654,7.066237848565953,10.278402302169543,0.9488344207549428,0.0,4.7235449144670865,907.9527137857018
18.2,0.9360999999999989,7.5922235842014825,11.139873462560155,1.014629010499997,0.0,5.033088273332808,970.253684206498,7.107080497170999,10.42803554830255,0.9497942167290462,0.0,4.711473932666837,908.2544737857016
18.3,0.9378999999999991,7.771835703198312,11.811769509004067,1.0172668578093969,0.0,4.966158283527936,969.8041089515967,7.2892047060296905,11.078258622494904,0.9540945859394324,0.0,4.657759854120847,909.5792737857017
18.4,0.9396999999999992,7.95572792529259,12.469259873091112,1.0200445924134263,0.0,4.89822259379872,969.3562560239463,7.475997531397439,11.717363502743707,0.9585359034908958,0.0,4.6028597713926525,910.9040737857016
18.5,0.9414999999999991,8.143997262973308,13.1121357089613,1.0229616894142548,0.0,4.8292673609675445,968.9101155450902,7.667573423089363,12.345075769987051,0.96311843058352,0.0,4.5467552203509385,912.2288737857015
18.5,0.9414999999999991,8.143997262973308,13.1121357089613,1.022961689414255,0.0,4.8292673609675445,968.9101155450902,7.667573423089363,12.345075769987051,0.9631184305835201,0.0,4.5467552203509385,912.2288737857015
18.589444444444446,0.9435572222222215,8.312246470174395,13.952480680317668,1.0252080428074462,0.0,4.764460128347323,968.4023054682926,7.843080189824217,13.16496391382975,0.9673424530712742,0.0,4.4955407640919285,913.7429893412574
18.589444444444446,0.9454572222222214,8.295542099080576,13.924441639872988,1.0231477747852127,0.0,4.754885423081882,968.4658045015638,7.843080189824217,13.16496391382975,0.9673424530712742,0.0,4.4955407640919285,915.6429893412575
18.593611111111112,0.9455530555555549,8.303450414906786,13.963178125439063,1.023255323991077,0.0,4.751856441222849,968.442243715841,7.851352911469153,13.202925741775392,0.9675421982132524,0.0,4.4931323775596095,915.7135226745909
18.593611111111112,0.9456530555555549,8.30257234970453,13.961701560852992,1.023147117781836,0.0,4.751353946527431,968.4455808547735,7.851352911469153,13.202925741775392,0.9675421982132525,0.0,4.4931323775596095,915.8135226745908
18.6,0.9457999999999995,8.31471206299726,14.021033496043113,1.0233125297963284,0.0,4.746706992619279,968.4094668912057,7.8640546691828055,13.261093480557571,0.967848990681367,0.0,4.489435473619312,915.921673785702
18.677222222222223,0.9475761111111108,8.462870006562223,14.73260875014927,1.025360243351782,0.0,4.69023272247431,967.9738448534265,8.019213449657094,13.960268105987968,0.9716068718832239,0.0,4.444352483368284,917.2288915634797
18.677222222222223,0.9476761111111108,8.461976993653348,14.731054146358225,1.0252520460224066,0.0,4.689737803095475,967.9772242944372,8.019213449657094,13.960268105987968,0.9716068718832239,0.0,4.444352483368284,917.3288915634796
18.7,0.9481999999999998,8.506180897636332,14.938950743052933,1.0258730486501564,0.0,4.672973723833336,967.8490548256719,8.065560727138768,14.165113094562788,0.972732824730078,0.0,4.430913684938769,917.714473785702
18.8,0.9504999999999998,8.703018960404123,15.840965034119245,1.0286907523447666,0.0,4.598785631982999,967.2880313368778,8.272219521864116,15.056837264930339,0.9777705601037003,0.0,4.371145743199839,919.407273785702
18.9,0.9527999999999995,8.90444706334878,16.72540101464871,1.0316569676557745,0.0,4.5236298937875485,966.7297163997719,8.484157161958713,15.935962086757284,0.9829627587824215,0.0,4.3101145628007735,921.1000737857021
19.0,0.9550999999999995,9.110567401594851,17.5920580180755,1.0347717438867274,0.0,4.447497785937662,966.1740904467623,8.701502925263238,16.802174613063904,0.988310492586213,0.0,4.247805135349059,922.7928737857022
19.0,0.9550999999999995,9.110567401594851,17.5920580180755,1.0347717438867274,0.0,4.447497785937662,966.1740904467623,8.701502925263238,16.802174613063904,0.988310492586213,0.0,4.247805135349059,922.7928737857022
19.1,0.9578999999999995,9.316622203252237,18.744274740862235,1.0374977551692788,0.0,4.3681052489330074,965.5012775714614,8.924392408495313,17.955140774271925,0.9938190996766516,0.0,4.184208017952925,924.8536737857024
19.156666666666666,0.9594866666666662,9.435472219623302,19.387948970026116,1.039112049611831,0.0,4.32272316391668,965.121760023453,9.05320978843229,18.60247853075378,0.9970141567752231,0.0,4.1475952394692,926.021460452369
19.156666666666666,0.9613866666666662,9.416824782708618,19.349632333941727,1.0370584400052947,0.0,4.314180114282012,965.1906903074408,9.05320978843229,18.60247853075378,0.9970141567752231,0.0,4.1475952394692,927.921460452369
19.160833333333333,0.9615033333333328,9.425608567325147,19.39660791206328,1.0371790975189106,0.0,4.310841171056509,965.1628808210432,9.062754056178347,18.64990316280854,0.9972511595280904,0.0,4.144888155441401,928.0073271190354
19.160833333333333,0.9616033333333327,9.42462837016478,19.394590800928192,1.0370712381696794,0.0,4.31039287381984,965.1665036370186,9.062754056178347,18.64990316280854,0.9972511595280904,0.0,4.144888155441401,928.1073271190353
19.2,0.9626999999999992,9.507593882010351,19.834342177067285,1.0382186547249814,0.0,4.278936045483036,964.9054469572065,9.152960630211357,19.09452121386266,0.9994930989037387,0.0,4.119331730986515,928.914473785702
19.3,0.9654999999999992,9.722780697264806,20.942495693692486,1.0412569067137023,0.0,4.198002087152442,964.2416093067869,9.387344763209164,20.21997959226008,1.005333543432079,0.0,4.05317101514568,930.975273785702
19.4,0.9682999999999992,9.942880153930018,22.02950285730463,1.0444516791264575,0.0,4.116177224286719,963.5816108496364,9.627690853050428,21.331167616728056,1.011342560898148,0.0,3.985694406276827,933.0360737857021
19.5,0.9710999999999992,10.167999592189368,23.09517962561575,1.0478037297144593,0.0,4.033460571927084,962.9254183767922,9.874144403975086,22.427728934435436,1.0175222019257106,0.0,3.916893561398388,935.0968737857021
19.5,0.9630999999999992,10.167999592189366,23.09517962561575,1.0478037297144593,0.0,4.033460571927084,962.9254183767921,9.792800407237571,22.24296749743051,1.0091397720879949,0.0,3.8846258768229713,927.3934704386877
19.6,0.9658999999999992,10.39800049116044,24.153085903347822,1.051289159818211,0.0,3.949758976324994,962.267595443305,10.043428674411862,23.329465674043643,1.0154401994684092,0.0,3.815072195232309,929.4542704386876
19.6775,0.9680699999999992,10.579844058443282,24.957944559138635,1.0541002831279533,0.0,3.884282760105748,961.7604000110408,10.24202963765718,24.161037389365323,1.020442861087677,0.0,3.760257611575568,931.0513904386876
19.6775,0.9693699999999993,10.565655670855492,24.924474028869618,1.0526866532775696,0.0,3.8790736370793106,961.8116822665115,10.24202963765718,24.161037389365323,1.020442861087677,0.0,3.760257611575568,932.3513904386875
19.7,0.9699999999999994,10.618981546395542,25.15538329199062,1.0535205509117214,0.0,3.86000114963974,961.6650210708127,10.300412100003669,24.400721793230886,1.021914934384369,0.0,3.744201115150546,932.8150704386877
19.8,0.9727999999999993,10.85927463544842,26.168127827739745,1.0573257920289156,0.0,3.774698550855273,961.0154918160857,10.563902365364216,25.45635475082521,1.0285665304857285,0.0,3.672026750272007,934.8758704386876
19.9,0.9755999999999992,11.105024418110299,27.158642222275528,1.0612940401661966,0.0,3.688526818045857,960.3696908965646,10.8340618223084,26.495971352051985,1.0353984655861406,0.0,3.598526763685535,936.9366704386877
20.0,0.978399999999999,11.356349458591998,28.126706486236994,1.0654272192422167,0.0,3.6014961519248,959.7275863028298,11.1110523102864,27.519169626134246,1.0424139913065837,0.0,3.5237038350432206,938.9974704386877
20.1,0.981199999999999,11.613370594067163,29.07209285040063,1.069727402564126,0.0,3.5136196674574474,959.0891463908366,11.395039226898689,28.525537504813066,1.0496165273959193,0.0,3.4475636177092435,941.0582704386878
20.1775,0.9833699999999989,11.816558057950939,29.78901951757065,1.0731763103045042,0.0,3.4449438894096387,958.5968561565728,11.620048697447201,29.293628122993415,1.0553293882641388,0.0,3.387654472528752,942.6553904386878
20.1775,0.9846699999999989,11.800957373990489,29.749690884248984,1.071759460798176,0.0,3.4403957392108584,958.6515182128925,11.620048697447201,29.293628122993415,1.0553293882641388,0.0,3.387654472528752,943.9553904386878
20.2,0.9852999999999991,11.860540115598779,29.954991372035035,1.07277937619834,0.0,3.4204026518709716,958.5091550174452,11.686190175899466,29.514652998866094,1.0570095193682234,0.0,3.3701227328884653,944.4190704386879
20.25,0.9866999999999992,11.994024571570147,30.407020186243418,1.0750769422714208,0.0,3.3758273116280004,958.1934432336969,11.834504044768254,30.002606817766356,1.06077841893921,0.0,3.3309288083833453,945.449470438688
20.25,0.9866999999999992,11.994024571570147,30.407020186243418,1.0750769422714208,0.0,3.3758273116280004,958.1934432336969,11.834504044768254,30.002606817766356,1.06077841893921,0.0,3.3309288083833453,945.449470438688
20.3,0.9866999999999992,12.146218077352021,30.045700014744416,1.07894383193904,0.0,3.3357693419134615,958.1934432336969,11.98467337692323,29.64609220454829,1.06459387897425,0.0,3.29140360966601,945.449470438688
20.4,0.9866999999999992,12.456333912044126,29.309271746541835,1.0868132534550088,0.0,3.2546251384022558,958.1934432336969,12.29066467101393,28.919458432312805,1.0723586371840563,0.0,3.2113386240615034,945.449470438688
20.4825,0.9866999999999992,12.718036098424342,28.687611622155902,1.093443425585131,0.0,3.186659231175059,958.1934432336969,12.548886218315289,28.306066387581204,1.0789006280248479,0.0,3.144276663400428,945.449470438688
20.4825,0.9885999999999993,12.69359318057384,28.632476621061326,1.0913419259810324,0.0,3.180534759660561,958.2737916636544,12.548886218315289,28.306066387581204,1.0789006280248479,0.0,3.144276663400428,947.3494704386881
20.486666666666668,0.9885999999999993,12.706926910357991,28.60079719634655,1.0916794349113539,0.0,3.1770868097163505,958.2737916636544,12.5620679435799,28.274748108308177,1.0792342893533637,0.0,3.1408680200855814,947.3494704386881
20.486666666666668,0.9886999999999992,12.705641694730362,28.59790442834854,1.0915690192711283,0.0,3.1767654698954018,958.2780119739948,12.5620679435799,28.274748108308177,1.0792342893533637,0.0,3.1408680200855814,947.449470438688
20.5,0.9886999999999992,12.748397871541622,28.496317195549825,1.0926510966219538,0.0,3.1657179831717706,958.2780119739948,12.60434097559319,28.174308811240092,1.080304139230125,0.0,3.129945369961927,947.449470438688
20.6,0.9886999999999992,13.073609925036438,27.72345932685159,1.1008724321527656,0.0,3.0821120964663997,958.2780119739948,12.925878132883517,27.410184236458147,1.0884325736694387,0.0,3.047284229776327,947.449470438688
20.6775,0.9886999999999992,13.331243466545224,27.110989557022926,1.1073735168047816,0.0,3.0164198855458584,958.2780119739948,13.180600415373254,26.80463537502855,1.0948601960648867,0.0,2.9823343408391882,947.449470438688
20.6775,0.9897999999999992,13.316427980777192,27.080860148543717,1.106142853167193,0.0,3.013067630672045,958.3243791055655,13.180600415373254,26.80463537502855,1.0948601960648867,0.0,2.9823343408391882,948.549470438688
20.7,0.9897999999999992,13.392068583902924,26.901001589495195,1.1080493960899618,0.0,2.9938802958785042,958.3243791055655,13.255469484347104,26.626611373282323,1.0967472922498434,0.0,2.9633427168605415,948.549470438688
20.8,0.9897999999999992,13.733381680690458,26.08921914082637,1.1166402017193198,0.0,2.9078329052287297,958.3243791055655,13.593301187547405,25.823109105589918,1.1052504716617817,0.0,2.878173009595394,948.549470438688
20.9,0.9897999999999992,14.083219713477016,25.256802775543044,1.125424161013555,0.0,2.820558467705438,958.3243791055655,13.939570872399539,24.999183387232485,1.113944834571216,0.0,2.7917887713348404,948.549470438688
21.0,0.9897999999999992,14.441780948732239,24.403243699119706,1.1344032852059562,0.0,2.7321043416088644,958.3243791055655,14.29447478305516,24.154330613388666,1.1228323716968545,0.0,2.7042368773244525,948.549470438688
21.0,0.9817999999999992,14.441780948732239,24.403243699119706,1.1344032852059562,0.0,2.7321043416088644,958.3243791055655,14.178940535465301,23.959104663795706,1.1137571454152069,0.0,2.6823800425915816,940.8828754058435
21.1,0.9817999999999992,14.809266818281479,23.528022328363498,1.1435792199942156,0.0,2.6425259693500274,958.3243791055655,14.539738162188746,23.099812321987265,1.12276607819032,0.0,2.594431996707855,940.8828754058435
21.128888888888888,0.9817999999999992,14.917119894476182,23.271072615391947,1.146266868721117,0.0,2.6164473675085294,958.3243791055655,14.645628312396703,22.8475390937918,1.1254048117103919,0.0,2.5688280254198723,940.8828754058435
21.128888888888888,0.9836999999999992,14.888307728369131,23.226124930153315,1.1440528735492455,0.0,2.611393743437912,958.4048748661627,14.645628312396703,22.8475390937918,1.1254048117103919,0.0,2.5688280254198723,942.7828754058435
21.133055555555554,0.9836999999999992,14.903895933184163,23.188983315425606,1.1444410757034988,0.0,2.607635345308204,958.4048748661627,14.66096242947325,22.811002887384152,1.125786686169531,0.0,2.5651308891796782,942.7828754058435
21.133055555555554,0.9837999999999993,14.902381001700814,23.18662623234821,1.1443247470720996,0.0,2.6073702878427323,958.4091028723767,14.66096242947325,22.811002887384152,1.125786686169531,0.0,2.5651308891796782,942.8828754058435
21.1775,0.9837999999999993,15.069632400021797,22.788070166746383,1.1484865013964636,0.0,2.5671757734937843,958.4091028723767,14.825504355141433,22.418903430045077,1.12988102007384,0.0,2.5255875259631835,942.8828754058435
21.1775,0.9840999999999993,15.065038466762976,22.781123290361847,1.1481363886534304,0.0,2.5663931774852,958.4217817354377,14.825504355141433,22.418903430045077,1.12988102007384,0.0,2.5255875259631835,943.1828754058434
21.2,0.9840999999999993,15.15038000000149,22.577720150065698,1.1502575007465672,0.0,2.5459776267058363,958.4217817354377,14.909488958001456,22.218734399679636,1.1319684064846955,0.0,2.5054965824412117,943.1828754058434
21.3,0.9840999999999993,15.535413367078696,21.659729143900368,1.159806036292338,0.0,2.45465281046204,958.4217817354377,15.288400294542134,21.315339450512337,1.1413651203152888,0.0,2.415623830775692,943.1828754058434
21.4,0.9840999999999993,15.92997013305446,20.71850910431269,1.1695525469920423,0.0,2.36243050814985,958.4217817354377,15.676683607938884,20.389084809554102,1.1509566614948679,0.0,2.3248678630702653,943.1828754058434
21.5,0.9840999999999993,16.33426225190246,19.753500120619712,1.179496041100808,0.0,2.2694067797444712,958.4217817354377,16.0745474820972,19.439419468701843,1.1607420540473041,0.0,2.2333232119465327,943.1828754058434
21.554166666666667,0.9840999999999993,16.55739431798716,19.220653160227993,1.1849636498258636,0.0,2.2187222084030367,958.4217817354377,16.294131748331154,18.915044774980352,1.1661227277936315,0.0,2.183444525289427,943.1828754058434
21.554166666666667,0.9859999999999992,16.52548858857116,19.18361539044662,1.1826802513120003,0.0,2.214446780212402,958.5019020343248,16.294131748331154,18.915044774980352,1.1661227277936315,0.0,2.183444525289427,945.0828754058434
21.558333333333334,0.9859999999999992,16.54274057452717,19.142408288696707,1.1831023092945971,0.0,2.2105508646095013,958.5019020343248,16.311142206483776,18.87441457265494,1.1665388769644718,0.0,2.1796031525049666,945.0828754058434
21.558333333333334,0.9860999999999993,16.54106298193265,19.14046706485646,1.1829823313705228,0.0,2.2103266935452472,958.5061103395641,16.311142206483776,18.87441457265494,1.1665388769644718,0.0,2.1796031525049666,945.1828754058434
21.6,0.9860999999999993,16.714527597526825,18.726078060794876,1.1872207929261849,0.0,2.171315306472854,958.5061103395641,16.48219566392119,18.465785575749813,1.17071842390451,0.0,2.14113402371288,945.1828754058434
21.6775,0.9860999999999993,17.041867855350844,17.94379172117121,1.1951922216912887,0.0,2.098498544085311,958.5061103395641,16.804985892161458,17.694373016246917,1.178579049809779,0.0,2.069329414322523,945.1828754058434
21.6775,0.9870999999999992,17.024603274401247,17.925613429487317,1.193981409998764,0.0,2.0963726211351688,958.548146495638,16.804985892161458,17.694373016246917,1.178579049809779,0.0,2.069329414322523,946.1828754058434
21.7,0.9870999999999992,17.12069389451922,17.695893397465124,1.1963142629603518,0.0,2.0752082093425206,958.548146495638,16.89983694327991,17.46761637263781,1.1808818089681625,0.0,2.0484380234420008,946.1828754058434
21.8,0.9870999999999992,17.554136838437298,16.659239244062547,1.2067948264138222,0.0,1.9809029440719375,958.548146495638,17.327688473221443,16.444335057814126,1.191227173153083,0.0,1.955349296093408,946.1828754058434
21.9,0.9870999999999992,17.998146561691826,15.59655312913811,1.2174524933841384,0.0,1.8863189038714832,958.548146495638,17.765970471045986,15.395357593772216,1.201747356219482,0.0,1.8619853900115395,946.1828754058434
22.0,0.9870999999999992,18.45293985690581,14.507241834528477,1.2282759879316565,0.0,1.7916247898608821,958.548146495638,18.21489693275171,14.320098414863049,1.2124312276873372,0.0,1.7685128300716753,946.1828754058434
22.075555555555557,0.9870999999999992,18.80384452249261,13.66618701342381,1.2365542953235855,0.0,1.7201179391996795,958.548146495638,18.561274928152443,13.489893200950632,1.2206027449139103,0.0,1.6979284177840024,946.1828754058434
22.075555555555557,0.9889999999999992,18.767719846463557,13.639932457988516,1.234178710731963,0.0,1.716813364796768,958.6277809968091,18.561274928152443,13.489893200950632,1.2206027449139103,0.0,1.6979284177840024,948.0828754058434
22.079722222222223,0.9889999999999992,18.78721746678957,13.593183919836981,1.2346365796786314,0.0,1.7128842680076755,958.6277809968091,18.58055807465487,13.443658896718764,1.2210555773021654,0.0,1.6940425410595896,948.0828754058434
22.079722222222223,0.9890999999999993,18.78531804130511,13.59180962159415,1.2345117554364233,0.0,1.7127110919619766,958.6319638113882,18.58055807465487,13.443658896718764,1.2210555773021654,0.0,1.6940425410595896,948.1828754058434
22.1,0.9890999999999993,18.880473188209503,13.363637585532006,1.2367430679206686,0.0,1.6935985051473041,958.6319638113882,18.674676030458006,13.217973935849697,1.2232625684803324,0.0,1.6751382814411973,948.1828754058434
22.1775,0.9890999999999993,19.248402501286456,12.48102707708337,1.2453174702942633,0.0,1.6206729957025963,958.6319638113882,19.03859491402242,12.344983881943152,1.231743509868055,0.0,1.6030076600494365,948.1828754058434
22.1775,0.9894999999999993,19.24062143913333,12.475981689684852,1.2448140574715065,0.0,1.6200178474476379,958.6486866153048,19.03859491402242,12.344983881943152,1.231743509868055,0.0,1.6030076600494365,948.5828754058434
22.2,0.9894999999999993,19.348667570835993,12.21668500636505,1.247314729416897,0.0,1.598904778331179,958.6486866153048,19.145506561342202,12.08840981379821,1.2342179247580185,0.0,1.5821162781587004,948.5828754058434
22.3,0.9894999999999993,19.835880515136736,11.046826724106689,1.2584817511397584,0.0,1.5054131468460588,958.6486866153048,19.627603769727784,10.93083504350356,1.24526769275279,0.0,1.489606308804174,948.5828754058434
22.4,0.9894999999999993,20.33467882300511,9.84811403386635,1.2696992952026698,0.0,1.4126653080334663,958.6486866153048,20.121164695363543,9.744708836510748,1.2563674526030408,0.0,1.397832322299114,948.5828754058434
22.45916666666667,0.9894999999999993,20.63533033055978,9.125084850400443,1.2763340784054387,0.0,1.3582448260180484,958.6486866153048,20.418659362088885,9.029271459471232,1.2629325705821808,0.0,1.3439832553448579,948.5828754058434
22.45916666666667,0.9913999999999993,20.595783096720698,9.107596791881418,1.273888007446219,0.0,1.3556417746064746,958.7279356524552,20.418659362088885,9.029271459471232,1.2629325705821808,0.0,1.3439832553448579,950.4828754058434
22.463333333333335,0.9913999999999993,20.61707014618573,9.056388408806733,1.274353542010528,0.0,1.351835427426989,958.7279356524552,20.439763342928515,8.978503468490988,1.2633941015492367,0.0,1.3402096427511159,950.4828754058434
22.463333333333335,0.9914999999999994,20.61499076442615,9.055475006042354,1.2742250141696798,0.0,1.3516990849733908,958.7320982408917,20.439763342928515,8.978503468490988,1.2633941015492367,0.0,1.3402096427511159,950.5828754058434
22.5,0.9914999999999994,20.803185235823435,8.602670636132281,1.2783148737903987,0.0,1.3182985376804726,958.7320982408917,20.626358161318922,8.52954793572515,1.2674491973631794,0.0,1.3070930001101877,950.5828754058434
22.5,0.9834999999999994,20.803185235823435,8.602670636132281,1.2783148737903987,0.0,1.3182985376804728,958.7320982408916,20.459932679432335,8.460726570636092,1.2572226783728562,0.0,1.296546611808744,942.9130186199163
22.6,0.9834999999999994,21.324586633490448,7.3474153241891855,1.289368734688695,0.0,1.2281200366821237,958.7320982408916,20.97273095403784,7.226182971340059,1.2680941505663306,0.0,1.2078560560768679,942.9130186199163
22.6775,0.9834999999999994,21.736913490580125,6.354026952620103,1.2977480198783091,0.0,1.1592965751617212,958.7320982408916,21.378254417985538,6.249185507901867,1.2763351775503162,0.0,1.140168181671552,942.9130186199163
22.6775,0.9846999999999994,21.71042390371235,6.3462836477118625,1.296166525388765,0.0,1.1578838038707757,958.7823891742834,21.378254417985538,6.249185507901867,1.2763351775503162,0.0,1.140168181671552,944.1130186199163
22.7,0.9846999999999994,21.831331065111364,6.054874721988011,1.2985466208883234,0.0,1.1381381880360275,958.7823891742834,21.497311699815146,5.96223513874159,1.2786788575887313,0.0,1.1207246737590757,944.1130186199163
22.8,0.9846999999999994,22.375999035468425,4.741601716016175,1.3086985491730259,0.0,1.0515775015017639,958.7823891742834,22.033646250225743,4.669055209761125,1.2886754613706777,0.0,1.0354883657287863,944.1130186199163
22.9,0.9846999999999994,22.932319538692717,3.399722511168333,1.3176330446419606,0.0,0.9672099258910867,958.7823891742834,22.581455049750705,3.347706756747456,1.297473259058938,0.0,0.9524116140249524,944.1130186199163
22.943055555555556,0.9846999999999994,23.175214855286644,2.8139244184189938,1.320780333265731,0.0,0.9316417826586192,958.7823891742834,22.820634068000743,2.7708713748171814,1.3005723941667646,0.0,0.9173876633839417,944.1130186199163
22.943055555555556,0.9865999999999994,23.130583892155645,2.808505346459744,1.3182367668424544,0.0,0.9298476215122059,958.8617662881785,22.820634068000743,2.7708713748171814,1.3005723941667646,0.0,0.9173876633839417,946.0130186199162
22.947222222222223,0.9865999999999994,23.154141821737277,2.7517000478446056,1.3185064517922893,0.0,0.9264421355250454,958.8617662881785,22.843876321325983,2.714827267203486,1.3008384653382716,0.0,0.9140278109090092,946.0130186199162
22.947222222222223,0.9866999999999995,23.15179519745211,2.751421168747834,1.3183728238960906,0.0,0.9263482425347215,958.8659355629035,22.843876321325983,2.714827267203486,1.3008384653382716,0.0,0.9140278109090092,946.1130186199163
23.0,0.9866999999999995,23.451483914962374,2.029136308690321,1.3210436627908846,0.0,0.8836278593792587,958.8659355629035,23.139579178893364,2.0021487957847386,1.3034737820757651,0.0,0.871875608849514,946.1130186199163
23.1,0.9866999999999995,24.021442124618957,0.6616678234505512,1.3169620439838552,0.0,0.804896979799676,958.8659355629035,23.701956944361513,0.6528676413986585,1.2994464487988693,0.0,0.7941918499683398,946.1130186199163
23.1775,0.9866999999999995,24.34070072924927,6.194930291282517e-05,1.1836565881435988,0.0,0.7461241402014622,958.8659355629035,24.01696940955024,6.112537718408455e-05,1.1679139555212883,0.0,0.7362006891367824,946.1130186199163
23.1775,0.9876999999999994,24.31605690953757,6.188658214446147e-05,1.1824581912739587,0.0,0.7453687244474869,958.9075818770041,24.01696940955024,6.112537718408455e-05,1.1679139555212883,0.0,0.7362006891367824,947.1130186199163
23.2,0.9876999999999994,24.346055917847337,8.720028802919572e-08,1.090444131456625,0.0,0.7288110433205294,958.9075818770041,24.0465994300578,8.612772448643656e-08,1.077031668639708,0.0,0.7198466674876863,947.1130186199163
23.25,0.9876999999999994,24.40779673809446,0.0,0.8976640344589246,0.0,0.6928760854792078,958.9075818770041,24.10758083821588,0.0,0.8866227668350793,0.0,0.6843537096278131,947.1130186199163
23.25,0.9876999999999994,24.40779673809446,0.0,0.8976640344589246,0.0,0.6928760854792078,958.9075818770041,24.10758083821588,0.0,0.8866227668350793,0.0,0.6843537096278131,947.1130186199163
23.3,0.9895000000000015,24.616727155632304,0.5072988939605929,0.8614626775008724,0.0,0.6568359737418878,958.5020905709085,24.3582515204982,0.5019722555740074,0.8524173193871145,0.0,0.649939196017599,948.4378186199153
23.4,0.9931000000000013,25.111673694867473,1.2751451718749456,0.8503310762434453,0.0,0.5879947354282468,957.6955176919885,24.938403146372924,1.2663466701890103,0.8444637918173666,0.0,0.5839375717537926,951.087418619915
23.460277777777776,0.9952700000000003,25.421306102820644,1.6980465382619097,0.8496022926682809,0.0,0.5486077921120851,957.2121520993445,25.301063324954313,1.6900147781359314,0.8455836738239603,0.0,0.5460128772553952,952.684538619915
23.460277777777776,0.9971700000000003,25.372868542930796,1.6948110935306224,0.847983467035671,0.0,0.5475624790711664,957.2936797335607,25.301063324954313,1.6900147781359314,0.8455836738239603,0.0,0.5460128772553952,954.584538619915
23.464444444444446,0.9973199999999997,25.394456785668634,1.7231782243192932,0.8480118985893869,0.0,0.5449082270994775,957.2603964824879,25.326399641483032,1.7185601066781169,0.8457392267011671,0.0,0.5434478730508507,954.6949386199145
23.464444444444446,0.9975199999999995,25.38936526734606,1.7228327318531134,0.8478418745500516,0.0,0.5447989745076299,957.2689656547386,25.326399641483032,1.7185601066781169,0.8457392267011671,0.0,0.5434478730508507,954.8949386199145
23.5,0.9987999999999991,25.57460577645817,1.960918654069058,0.8483953550000621,0.0,0.5224705658671351,956.985401101237,25.5439162495264,1.9585655516841733,0.8473772805740614,0.0,0.5218436011880941,955.8370186199146
23.6,1.0024000000000006,26.10493067835457,2.5952816906301317,0.8521584268951445,0.0,0.4627037252488526,956.1917583997548,26.167582511982637,2.601510366687646,0.8542036071196935,0.0,0.4638142141894502,958.4866186199149
23.648055555555555,1.0041300000000009,26.364362641917293,2.88269274974969,0.854782525169853,0.0,0.4355872577031746,955.8123934350272,26.473247459628436,2.8945982708061586,0.8583127769988053,0.0,0.4373862330774891,959.7598986199147
23.648055555555555,1.0060300000000009,26.314570598916944,2.877248462576818,0.8531681729161202,0.0,0.43476460252426735,955.8958466645269,26.473247459628436,2.8945982708061586,0.8583127769988053,0.0,0.4373862330774891,961.6598986199148
23.65222222222222,1.0061800000000003,26.33716340845376,2.901608763942055,0.8534144459237044,0.0,0.43247058923275744,955.8630648789623,26.499927078318013,2.919540706103218,0.8586885471995133,0.0,0.43514325747421606,961.7702986199147
23.65222222222222,1.0063800000000003,26.33192936894414,2.9010321211701515,0.8532448450878525,0.0,0.4323846434490113,955.871836304293,26.499927078318013,2.919540706103218,0.8586885471995133,0.0,0.43514325747421606,961.9702986199147
23.6775,1.0072900000000007,26.469426462332475,3.0470460073110632,0.8547977694691232,0.0,0.41864053562326903,955.6732009847353,26.6623885812429,3.0692589727043633,0.8610292452085538,0.0,0.421692425127963,962.6400586199146
23.6775,1.0076900000000009,26.458919490361996,3.0458364900955264,0.8544584596538154,0.0,0.4184743573201706,955.6907963956314,26.6623885812429,3.0692589727043633,0.8610292452085538,0.0,0.421692425127963,963.0400586199146
23.7,1.0085,26.581922163329114,3.173252569729447,0.8559201082651023,0.0,0.4064917429270612,955.5143466731932,26.807868501717408,3.2002252165721465,0.8631954291853556,0.0,0.4099469227419411,963.6362186199152
23.8,1.0120999999999996,27.13600643988951,3.711357462626942,0.863187244992973,0.0,0.3559931296752575,954.7335427526094,27.46435211781216,3.7562648879247265,0.8736318106573875,0.0,0.3603006465443279,966.2858186199155
23.9,1.0156999999999992,27.702102684056157,4.203937696029584,0.871468001380952,0.0,0.3099627544857643,953.9582737224733,28.137025696195817,4.269939517857245,0.8851500490026323,0.0,0.3148291697311906,968.9354186199154
23.906388888888888,1.0159299999999991,27.738678026813666,4.233869587549223,0.8720258101393943,0.0,0.3071720221491822,953.908929374973,28.18055516778078,4.301315130078878,0.885917181294914,0.0,0.31206527246201843,969.1046986199154
23.906388888888888,1.0178299999999991,27.68689778035704,4.225966153560892,0.8703979852184696,0.0,0.30659861908375535,953.994968334512,28.18055516778078,4.301315130078878,0.885917181294914,0.0,0.31206527246201843,971.0046986199154
23.910555555555554,1.0179799999999986,27.71073977330253,4.2453539441960295,0.8707627878567026,0.0,0.3047944497185209,953.9628466373766,28.208978874426474,4.3216854081126685,0.8864191027823649,0.0,0.31027465392445946,971.1150986199153
23.910555555555554,1.0180799999999988,27.708017910602813,4.244936948091185,0.8706772579584768,0.0,0.3047645115555358,953.967368595706,28.208978874426474,4.3216854081126685,0.8864191027823649,0.0,0.31027465392445946,971.2150986199151
24.0,1.0212999999999983,28.224828839711886,4.64220843276728,0.8788121616750059,0.0,0.26784786364272595,953.2801513951988,28.826017693997706,4.741087472385216,0.897530860718682,0.0,0.2735530231383156,973.5850186199151
24.0,1.0132999999999985,28.224828839711886,4.64220843276728,0.8788121616750059,0.0,0.26784786364272595,953.2801513951988,28.600219063280008,4.703949804923077,0.890500363425282,0.0,0.27141024022917376,965.9587774087535
24.1,1.0168999999999977,28.813342456580823,5.060075769203146,0.8885054484772137,0.0,0.23056293677494855,952.5109424808292,29.300287944096972,5.145591049702667,0.9035211905564765,0.0,0.23445945040644464,968.608377408753
24.15222222222222,1.0187799999999978,29.125555625399215,5.260231177550158,0.8937999923275239,0.0,0.21271249786379848,952.1114052187469,29.672533560044148,5.359018319064538,0.9105855561834328,0.0,0.21670723857368013,969.9920574087528
24.15222222222222,1.0206799999999978,29.07133828432438,5.250439235670876,0.8921361799814191,0.0,0.2123165326779016,952.2005500340508,29.672533560044144,5.359018319064538,0.9105855561834328,0.0,0.21670723857368013,971.8920574087529
24.156388888888888,1.0208299999999981,29.096354817687104,5.265847868560093,0.8925642193080883,0.0,0.2109437948080001,952.1687816862303,29.702431888539472,5.37553547966219,0.9111563319962741,0.0,0.21533775405385036,972.0024574087528
24.156388888888888,1.0209299999999983,29.093504832397446,5.265332079243629,0.8924767927245508,0.0,0.21092313288261755,952.1734667496836,29.702431888539472,5.37553547966219,0.9111563319962741,0.0,0.21533775405385036,972.1024574087528
24.1775,1.0216899999999984,29.220576097464992,5.342180749424994,0.8946593037484141,0.0,0.20407310737701181,952.0126627536279,29.854370393018964,5.458052649880014,0.9140644640467158,0.0,0.20849945307601891,972.6618174087525
24.1775,1.0219899999999984,29.211998545014147,5.34061257926205,0.8943966810308488,0.0,0.20401320274759951,952.0267491939784,29.854370393018964,5.458052649880014,0.9140644640467158,0.0,0.20849945307601891,972.9618174087525
24.2,1.0227999999999973,29.348006995409836,5.4202600913476155,0.8967473256691052,0.0,0.19690571321782352,951.8556681743789,30.017141554905102,5.543842021430327,0.9171931646943584,0.0,0.20139516347918937,973.5579774087523
24.3,1.026399999999997,29.96018485907541,5.746254767902338,0.9074924690096434,0.0,0.16760837331748318,951.0985750280156,30.751133739354916,5.8979558937749434,0.9314502701914955,0.0,0.17203323437306425,976.2075774087525
24.34,1.0278399999999972,30.2086117252056,5.863804309594914,0.9119190190840901,0.0,0.15689921864730333,950.7972227280075,31.049619475635236,6.027052621574019,0.9373068445753885,0.0,0.1612672928944438,977.2674174087524
24.34,1.029739999999997,30.15287303167336,5.852984852073375,0.9102364136339184,0.0,0.1566097198267954,950.888008049367,31.049619475635236,6.027052621574019,0.9373068445753885,0.0,0.16126729289444383,979.1674174087525
24.344166666666666,1.0298899999999975,30.17882825786133,5.864786711357261,0.910700719091868,0.0,0.15553004578877977,950.8567103367882,31.08087343448873,6.040085186159715,0.9379215635855217,0.0,0.160178838857406,979.2778174087524
24.344166666666666,1.0299899999999975,30.175898246088604,5.86421730906099,0.9106123006878939,0.0,0.15551494563773083,950.861481576282,31.08087343448873,6.040085186159715,0.9379215635855217,0.0,0.160178838857406,979.3778174087524
24.4,1.0319999999999983,30.525829847601916,6.014627633352463,0.9169043520360947,0.0,0.14161503518811314,950.4430013650718,31.502656402725123,6.2070957176197314,0.946245291301248,0.0,0.1461467163141325,980.8571774087525
24.5,1.0355999999999985,31.162736327014724,6.247931821064773,0.9284888525261639,0.0,0.11923403875093258,949.6975448133968,32.2721297402564,6.470358193894668,0.9615430556760939,0.0,0.1234787705304656,983.5067774087523
24.548333333333332,1.0373399999999986,31.475319734100527,6.3439874675095655,0.9342251649333965,0.0,0.10950509268951608,949.3390955798038,32.65060817297179,6.580871959546363,0.9691091325920081,0.0,0.11359401285054246,984.7874174087523
24.548333333333332,1.0392399999999986,31.41777469398006,6.33238901461296,0.9325171592625471,0.0,0.10930488900594917,949.4317168399539,32.65060817297179,6.580871959546363,0.9691091325920081,0.0,0.11359401285054246,986.6874174087524
24.5525,1.039389999999999,31.444826094574363,6.3401459718890925,0.9330148292281889,0.0,0.10850068009641543,949.4009153529988,32.68343779443961,6.589884321721797,0.9697662833514863,0.0,0.11277452188541313,986.7978174087524
24.5525,1.0394899999999991,31.441801070178304,6.339536043369156,0.9329250722483979,0.0,0.1084902422201399,949.4057830366365,32.68343779443961,6.589884321721798,0.9697662833514863,0.0,0.11277452188541313,986.8978174087524
24.6,1.0411999999999986,31.751814569261462,6.422203413162656,0.9386419296138695,0.0,0.09966531454840395,949.0552990863941,33.05998932951499,6.686798193784948,0.9773139771139596,0.0,0.10377152550779806,988.1563774087523
24.6775,1.0439899999999984,32.26421237129889,6.534264177715742,0.9481374352393476,0.0,0.08655527442090676,948.4859217126159,33.683515073512275,6.821706458893446,0.9898460010155249,0.0,0.0903628409426823,990.2098174087522
24.6775,1.0453899999999983,32.22100371489333,6.525513405421381,0.9468676771497015,0.0,0.08643935846208826,948.5549100419497,33.68351507351228,6.821706458893446,0.9898460010155249,0.0,0.0903628409426823,991.6098174087522
24.7,1.0461999999999987,32.371140946852684,6.55269528529903,0.9496585346187024,0.0,0.08292607271870854,948.3903435373289,33.86668765859723,6.855429807479836,0.9935327589180851,0.0,0.08675725727831275,992.2059774087522
24.8,1.0497999999999994,33.04695640862797,6.644336565853386,0.9622570649987237,0.0,0.06873768035290906,947.6620093434492,34.69269483777762,6.97522452683288,1.0101774668356593,0.0,0.07216081683448389,994.8555774087524
24.84,1.0512399999999993,33.32123352677603,6.667581041369182,0.9673818358610385,0.0,0.06367348051836984,947.372072418052,35.028613532688006,7.0092278939289345,1.0169504811305574,0.0,0.06693610966013105,995.9154174087523
24.84,1.0531399999999993,33.261117736187046,6.655551867680402,0.9656365546181497,0.0,0.06355860537073048,947.467019967671,35.028613532688006,7.0092278939289345,1.0169504811305574,0.0,0.06693610966013105,997.8154174087523
24.844166666666666,1.0532899999999992,33.289775738663,6.657529349884998,0.9661721670505595,0.0,0.0630517985205186,947.4369047543915,35.06378788777633,7.0123090889403645,1.0176594818326832,0.0,0.066411828863677,997.9258174087524
24.844166666666666,1.0533899999999994,33.2866154869292,6.656897339959909,0.9660804467791452,0.0,0.06304581291228988,947.4418946532178,35.06378788777633,7.0123090889403645,1.0176594818326832,0.0,0.066411828863677,998.0258174087523
24.9,1.0554000000000001,33.67300529783373,6.675315216340024,0.9733046669209524,0.0,0.05658399507989893,947.0392054280392,35.538489791333724,7.045127679325262,1.0272257454683733,0.0,0.05971874840732534,999.5051774087526
25.0,1.0590000000000002,34.37635888658715,6.670492117184889,0.9864545872256619,0.0,0.04643432756874235,946.3217916985383,36.404564060895794,7.0640511520987985,1.0446554078719763,0.0,0.04917395289529816,1002.1547774087522
25.006944444444443,1.0592500000000002,34.425748427099954,6.668344206950811,0.9873772936497704,0.0,0.04579251160774546,946.2721523802237,36.46547402140564,7.063443601212648,1.0458793982985195,0.0,0.04850571792050439,1002.3387774087522
25.006944444444443,1.0611500000000003,34.364108770113205,6.656404467994767,0.9856093844400126,0.0,0.045710519644258006,946.3683526445384,36.46547402140564,7.063443601212648,1.0458793982985195,0.0,0.04850571792050439,1004.2387774087522
25.011111111111113,1.0613000000000001,34.39373185423806,6.655007569559087,0.9861626323393732,0.0,0.04533050383162089,946.3386200025931,36.502067616902856,7.06295953357306,1.0466144017017769,0.0,0.04810926371649924,1004.3491774087521
25.011111111111113,1.0614000000000001,34.39049144234299,6.6543805667731855,0.9860697208420734,0.0,0.04532623300970345,946.3436757195703,36.502067616902856,7.06295953357306,1.0466144017017769,0.0,0.04810926371649924,1004.449177408752
25.1,1.0646000000000007,35.028561087130974,6.604271392450256,0.9979686709142922,0.0,0.037852811988573404,945.7114196963672,37.29140613335966,7.030907324402547,1.0624374470553561,0.0,0.040298103643035266,1006.8043774087532
25.1775,1.067390000000001,35.594599658900854,6.5287086665058025,1.0084830376577463,0.0,0.03224451853849391,945.1632649816395,37.99331972991422,6.968678343541635,1.0764447095655028,0.0,0.03441747664280305,1008.857817408753
25.1775,1.069090000000001,35.537999354511015,6.518327122638532,1.0068794110556656,0.0,0.03219324532340871,945.2504629252468,37.99331972991422,6.968678343541635,1.0764447095655028,0.0,0.03441747664280305,1010.5578174087531
25.2,1.0699000000000014,35.703828502050065,6.490846021063841,1.0099491846423214,0.0,0.030713664627983108,945.0920435636524,38.19952611434341,6.944556157936213,1.0805446326488213,0.0,0.03286054978547917,1011.153977408753
25.3,1.0735000000000015,36.45032328461148,6.338035717170012,1.023695211994891,0.0,0.024841735378139822,944.3908499382873,39.12942204603048,6.8038813423820175,1.0989368100765171,0.0,0.026667602928433135,1013.8035774087529
25.32,1.0742200000000013,36.60149669941573,6.301433087839538,1.0264619090273444,0.0,0.02379526308892731,944.2511751864157,39.31805978444642,6.769125451618996,1.1026459119153553,0.0,0.02556134751538753,1014.3334974087528
25.32,1.0761200000000013,36.53687301085973,6.2903072627764445,1.0246495854694215,0.0,0.023753250116518135,944.3496054424706,39.31805978444642,6.769125451618995,1.1026459119153553,0.0,0.02556134751538753,1016.2334974087528
25.324166666666667,1.0762700000000014,36.56839951702147,6.282443865859616,1.0252256156832136,0.0,0.023540995846307526,944.3205677095438,39.357471348184745,6.761605859508737,1.1034195733913736,0.0,0.025336467599505433,1016.343897408752
25.324166666666667,1.0763700000000014,36.565002135125184,6.28186019631607,1.0251303672448806,0.0,0.023538808773475108,944.3257405991905,39.357471348184745,6.761605859508737,1.1034195733913736,0.0,0.025336467599505433,1016.4438974087519
25.4,1.079100000000001,37.14354112724982,6.123399029917823,1.0356453614855952,0.0,0.019961082301741838,943.7987002212495,40.08159523041532,6.607759893184329,1.117564909579107,0.0,0.021540003911809633,1018.4531774087513
25.44527777777778,1.080730000000001,37.49334417940973,6.014839730231125,1.0419455965853768,0.0,0.018064969249813108,943.4852899510058,40.52018185501352,6.50041774165269,1.1260618645977152,0.0,0.01952335421735054,1019.6528574087515
25.44527777777778,1.082530000000001,37.4310013163732,6.004838426327847,1.0402130791735233,0.0,0.0180349313343284,943.579260998541,40.52018185501352,6.50041774165269,1.1260618645977152,0.0,0.01952335421735054,1021.4528574087516
25.449444444444445,1.0826800000000012,37.46331177591836,5.994342257552976,1.0407924373535216,0.0,0.01786938847913792,943.5505019107684,40.56077839355134,6.489954475407464,1.1268451560739121,0.0,0.019346829518593064,1021.5632574087518
25.449444444444445,1.0828800000000012,37.456392576787174,5.993235146468175,1.0406002106178993,0.0,0.017866088134043518,943.5609277193695,40.56077839355134,6.489954475407464,1.1268451560739121,0.0,0.019346829518593064,1021.7632574087519
25.5,1.0847000000000016,37.85059960604747,5.858832844694049,1.0476321993348627,0.0,0.015964150556025857,943.2126647079847,41.05654539267975,6.355075986639645,1.1363666466185274,0.0,0.01731631410812127,1023.1027774087524
25.5,1.0767000000000015,37.850599606047474,5.858832844694049,1.047632199334863,0.0,0.01596415055602586,943.2126647079847,40.753740595831374,6.308205323882093,1.1279855890238486,0.0,0.01718860090367307,1015.5570760910886
25.6,1.0803000000000023,38.64168062106378,5.568876787672778,1.0615101486257406,0.0,0.012729219413945423,942.5221476359214,41.74460757493529,6.016057593722915,1.14674941356039,0.0,0.01375137573288527,1018.2066760910882
25.607777777777777,1.0805800000000023,38.703897886773554,5.544154940297793,1.0625873355049316,0.0,0.012504353042037968,942.468633595926,41.82265797848986,5.9909029453870035,1.1482106229999216,0.0,0.013511953810165418,1018.4127560910881
25.607777777777777,1.0824800000000023,38.635963693084186,5.534423680240734,1.0607222516812498,0.0,0.012482405042278277,942.5696143033458,41.822657978489865,5.9909029453870035,1.1482106229999218,0.0,0.013511953810165418,1020.3127560910881
25.611944444444443,1.0826300000000029,38.669285780651144,5.521076951165947,1.0612980529867622,0.0,0.01236383885699357,942.540993775422,41.86452886470646,5.977283539640804,1.1489931111050613,0.0,0.013385462861746984,1020.4231560910877
25.611944444444443,1.0827300000000029,38.66571431908818,5.52056702930628,1.0612000324227262,0.0,0.012362696943602697,942.5463006392037,41.86452886470646,5.977283539640804,1.1489931111050613,0.0,0.013385462861746984,1020.5231560910877
25.6775,1.0850900000000039,39.193728653540155,5.29873353988297,1.0702300152725244,0.0,0.010626863393767833,942.0970759025365,42.528723024670036,5.749602776791632,1.1612958872720676,0.0,0.011531103199943578,1022.260116091087
25.6775,1.0854900000000038,39.17928587519911,5.296780971535079,1.0698356385338081,0.0,0.010622947424613343,942.1184129665711,42.528723024670036,5.749602776791633,1.1612958872720676,0.0,0.01153110319994358,1022.6601160910868
25.7,1.0863000000000038,39.3621033049891,5.21552191851304,1.0729173471361064,0.0,0.010080534061260117,941.9647206950964,42.75905282020981,5.665621460080735,1.1655101141939563,0.0,0.010950484150746903,1023.2562760910869
25.8,1.0899000000000036,40.18490671843744,4.822403897124479,1.0864519379939843,0.0,0.007961040963993457,941.2844078274,43.79752983242511,5.255938007475987,1.1841239672196475,0.0,0.0086767385466565,1025.9058760910866
25.9,1.0935000000000037,41.02463039322927,4.376989534087405,1.0995690820943178,0.0,0.006255084712991573,940.608574385993,44.860433334996365,4.786238055524595,1.2023787912701407,0.0,0.006839935133656309,1028.5554760910868
26.0,1.0971000000000037,41.88138077569592,3.879377523701304,1.1119806436899506,0.0,0.004889320935211158,939.9371762748005,45.94806284901615,4.256065081252714,1.2199539641922488,0.0,0.005364073998020179,1031.2050760910872
26.0,1.0971000000000037,41.88138077569592,3.879377523701304,1.1119806436899506,0.0,0.004889320935211158,939.9371762748005,45.94806284901615,4.256065081252714,1.2199539641922488,0.0,0.005364073998020179,1031.2050760910872
26.1,1.097600000000003,42.8719176434215,1.6579397981972057,1.1222081538633086,0.0,0.0038112120490332736,939.844274864327,47.05621680541957,1.819754722501258,1.231735669680371,0.0,0.004183186345018933,1031.573076091088
26.1775,1.0979875000000052,43.60665405101391,0.05527042362012285,1.0803548313991427,0.0,0.0031292926725258177,939.7723344674525,47.87956106483787,0.06068623425459993,1.186216100440872,0.0,0.003435924238274958,1031.858276091087
26.1775,1.0991875000000053,43.559047992119304,0.055210084043531824,1.0791753913148268,0.0,0.003125876375299884,939.8380859417362,47.87956106483787,0.06068623425459993,1.186216100440872,0.0,0.003435924238274958,1033.0582760910872
26.2,1.0993000000000055,43.637523422572805,0.005831642868436671,0.9501341934427819,0.0,0.0029505759338911306,939.8172255899941,47.97072949843453,0.006410725005272465,1.0444825188516553,0.0,0.0032435681241265364,1033.1410760910858
26.3,1.0998000000000054,43.864207656416376,0.0057853102035541415,0.4408735569194504,0.0,0.0022807932150462487,939.7245645490844,48.241855580526966,0.006362684161868876,0.4848727379000139,0.0,0.0025084163779078767,1033.5090760910882
26.4,1.1003000000000043,44.00053179040738,0.005762091838596468,0.15648941554728305,0.0,0.0017610145474275226,939.6319877225159,48.41378512898543,0.006340029650007719,0.17218530392667622,0.0,0.0019376443065345108,1033.8770760910882
26.5,1.100800000000004,44.06730993817035,0.005749269681830286,0.04533976684792833,0.0,0.0013588105168400528,939.5394949955364,48.509294779938095,0.006328796065758802,0.04991001534619969,0.0,0.0014957786169375355,1034.2450760910901
