time_h,glucose_mmol_l,acetate_mmol_l,oxygen_mmol_l,biomass_gdw_l,v1,v2,v3,v4
0.0,10.800000000000002,0.4,0.21,0.001,0.0388982046563569,1.055616318655382,0.0,0.0
0.05,10.799488034657521,0.3999212196182867,0.20935589329830362,0.0010562527464938903,0.038898230277745645,1.0556162492475942,0.0,0.0
0.1,10.798947216338581,0.3998380074655214,0.20887715130336093,0.0011156680860541922,0.03889825734572123,1.0556161759210334,0.0,0.0
0.15,10.798375929240706,0.39975011280033423,0.20850986794267004,0.0011784255274836992,0.038898285941601,1.0556160984554164,0.0,0.0
0.2,10.797772473811971,0.3996572726785623,0.20821702425226907,0.0012447131361982202,0.03889831615095399,1.0556160166189328,0.0,0.0
0.25,10.797135050801089,0.39955920928085153,0.20797307100338228,0.0013147294917695306,0.038898348064407465,1.0556159301660788,0.0,0.0
0.3,10.796461756556928,0.39945562904369586,0.20776031879495607,0.0013886843413024842,0.03889838177788984,1.0556158388369867,0.0,0.0
0.35,10.79575057813531,0.3993462218070695,0.20756647448779172,0.0014667992304392109,0.038898417392886034,1.0556157423567283,0.0,0.0
0.4,10.794999387842953,0.39923065990649775,0.20738294664453769,0.0015493081669615094,0.03889845501671917,1.0556156404345851,0.0,0.0
0.45,10.794205937257113,0.39910859720578173,0.2072036797630677,0.0016364583218961514,0.03889849476286469,1.055615532763132,0.0,0.0
0.5,10.793367850760642,0.398979668069854,0.20702435278915537,0.0017285107700005854,0.03889853675128417,1.0556154190174174,0.0,0.0
0.55,10.792482618611285,0.3988434862760443,0.20684182778516136,0.001825741271903506,0.038898581108788834,1.0556152988539034,0.0,0.0
0.6,10.791547589550468,0.3986996438614056,0.20665377049395714,0.0019284411002909868,0.03889862796942536,1.0556151719094495,0.0,0.0
0.65,10.790559962950482,0.3985477099037519,0.20645838907172784,0.002036917912305807,0.03889867747488783,1.0556150378002258,0.0,0.0
0.7,10.789516780482993,0.39838722923228853,0.20625425387096874,0.002151496671436092,0.03889872977495494,1.0556148961204772,0.0,0.0
0.75,10.788414917298693,0.39821772106523284,0.20604017305426026,0.0022725206209797595,0.03889878502795473,1.0556147464412973,0.0,0.0
0.8,10.787251072694536,0.3980386775700928,0.20581510645809828,0.002400352312333622,0.038898843401257294,1.0556145883092853,0.0,0.0
0.85,10.786021760245829,0.3978495623426147,0.20557810573129898,0.002535374691059519,0.038898905071799196,1.0556144212451246,0.0,0.0
0.9,10.784723297372679,0.3976498087993646,0.2053282724853487,0.00267799224439368,0.0388989702266353,1.0556142447420842,0.0,0.0
0.95,10.7833517943194,0.39743881848041956,0.20506472880716298,0.0028286322127590827,0.038899039063530094,1.055614058264429,0.0,0.0
1.0,10.781903142507119,0.3972159592558728,0.20478659620145914,0.0029877458698059894,0.03889911179157754,1.0556138612457249,0.0,0.0
1.05,10.780373002229549,0.3969805634314275,0.204492980296953,0.0031558098743698754,0.03889918863186507,1.055613653087053,0.0,0.0
1.1,10.778756789654983,0.3967319257472963,0.20418295946451964,0.003333327698484061,0.038899269818173356,1.0556134331551004,0.0,0.0
1.15,10.777049663095928,0.3964693012644121,0.20385557607498486,0.003520831135728083,0.03889935559772013,1.0556132007801684,0.0,0.0
1.2,10.775246508505532,0.39619190313161506,0.20350982951938978,0.0037188818944312915,0.03889944623195066,1.055612955254002,0.0,0.0
1.25,10.773341924157613,0.39589890022712076,0.20314467038594508,0.003928073280505968,0.03889954199737417,1.0556126958275478,0.0,0.0
1.3,10.771330204464414,0.39558941466718905,0.20275899537424852,0.004149031974952892,0.03889964318645377,1.0556124217085252,0.0,0.0
1.35,10.769205322883792,0.39526251917451677,0.20235164265525227,0.004382419911366135,0.038899750108550124,1.0556121320588776,0.0,0.0
1.4,10.766960913864626,0.39491723429845016,0.20192138747319222,0.0046289362590636075,0.03889986309092421,1.0556118259920744,0.0,0.0
1.45,10.764590253776412,0.3945525254786686,0.20146693784579753,0.004889319517786586,0.03889998247980275,1.0556115025701918,0.0,0.0
1.5,10.762086240765914,0.3941672999435144,0.2009869302601988,0.005164349730245888,0.038900108641511576,1.0556111608008578,0.0,0.0
1.55,10.759441373480541,0.3937604034336508,0.20047992528998917,0.005454850819145772,0.038900241963675974,1.0556107996340072,0.0,0.0
1.6,10.7566477285947,0.393330616741197,0.19994440307793523,0.005761693055689791,0.038900382856504614,1.0556104179583836,0.0,0.0
1.65,10.753696937071798,0.3928766520539377,0.19937875864167667,0.006085795666967181,0.03890053175414739,1.0556100145978986,0.0,0.0
1.7,10.750580159090706,0.39239714909360895,0.19878129696833133,0.006428129590034693,0.03890068911614662,1.055609588307655,0.0,0.0
1.75,10.74728805756164,0.3918906710366507,0.1981502278695479,0.00678972038094888,0.038900855428979725,1.0556091377697865,0.0,0.0
1.8,10.743810770151997,0.3913557002051461,0.19748366057212757,0.007171651287468345,0.038901031207700325,1.0556086615890483,0.0,0.0
1.85,10.740137879738354,0.39079063351498344,0.19677959802150433,0.007575066494636535,0.038901216997690204,1.0556081582879924,0.0,0.0
1.9,10.73625838319609,0.3901937776675384,0.19603593087653953,0.008001174552974053,0.03890141337652512,1.055607626301984,0.0,0.0
1.95,10.732160658433019,0.3895633440703946,0.19525043117455873,0.008451251999557333,0.03890162095596496,1.0556070639737805,0.0,0.0
2.0,10.727832429568311,0.3888974434718061,0.1944207456455299,0.008926647182839023,0.038901840384077,1.055606469547776,0.0,0.0
2.05,10.723260730152228,0.3881940802927331,0.19354438865388635,0.009428784302676798,0.03890207234750292,1.0556058411638876,0.0,0.0
2.1,10.718431864316559,0.3874511466393668,0.19261873474583763,0.009959167677682882,0.03890231757388043,1.0556051768509387,0.0,0.0
2.15,10.713331365739164,0.38666641597808915,0.19164101077913484,0.010519386252688705,0.03890257683443165,1.0556044745197322,0.0,0.0
2.2,10.707943954299687,0.3858375364537879,0.19060828761122198,0.011111118359839614,0.03890285094672987,1.055603731955449,0.0,0.0
2.25,10.702253490296524,0.3849620238313634,0.1895174713205235,0.011736136747595695,0.03890314077766191,1.0556029468097385,0.0,0.0
2.3,10.696242926087724,0.384037254039116,0.1883652939343198,0.012396313892718835,0.038903447246598,1.0556021165920304,0.0,0.0
2.35,10.689894255010909,0.3830604552914909,0.1871483036352502,0.01309362761117561,0.03890377132879042,1.055601238660393,0.0,0.0
2.4,10.683188457429017,0.3820286997673733,0.18586285441696335,0.013830166984782708,0.03890411405901554,1.055600310211644,0.0,0.0
2.45,10.676105443740157,0.38093889481877313,0.18450509515781877,0.014608138621369726,0.038904476535482596,1.0555993282707496,0.0,0.0
2.5,10.668623994180649,0.379787773683297,0.18307095807981089,0.015429873267235366,0.038904859924030824,1.0555982896794807,0.0,0.0
2.55,10.660721695240793,0.3785718856722956,0.1815561465580632,0.01629783279173106,0.038905265462640753,1.055597191084179,0.0,0.0
2.6,10.652374872502664,0.37728758580495436,0.179956122244294,0.017214617564923446,0.038905694466285244,1.0555960289225992,0.0,0.0
2.65,10.64355851969857,0.3759310238569098,0.17826609146560538,0.018182974250467915,0.03890614833215063,1.055594799409808,0.0,0.0
2.7,10.634246223777412,0.374498132790162,0.17648099085777313,0.01920580403707245,0.038906628545267004,1.0555934985228794,0.0,0.0
2.75,10.624410085754242,0.3729846165291513,0.17459547218991697,0.020286171333248823,0.038907136684571415,1.0555921219845188,0.0,0.0
2.8,10.614020637105586,0.37138593704585376,0.17260388633500554,0.02142731295143997,0.03890767442946363,1.0555906652452596,0.0,0.0
2.85,10.603046751459848,0.3696973007146069,0.1705002663380803,0.022632647809083157,0.03890824356688091,1.0555891234643338,0.0,0.0
2.9,10.591455551317889,0.3679136438951192,0.16827830953137546,0.023905787175721924,0.038908845998956415,1.055587491488894,0.0,0.0
2.95,10.579212309523966,0.36602961769971576,0.16593135864264008,0.025250545496921236,0.038909483751310266,1.0555857638315924,0.0,0.0
3.0,10.566280345191494,0.36403957189833436,0.16345238183994656,0.026670951827474105,0.038910158982037535,1.0555839346461837,0.0,0.0
3.05,10.552620913771479,0.3619375379120938,0.16083395165306677,0.02817126190822008,0.03891087399146387,1.0555819977011396,0.0,0.0
3.1,10.538193090933722,0.3597172108433983,0.1580682227081178,0.0297559709227309,0.03891163123274698,1.0555799463509208,0.0,0.0
3.15,10.522953649912544,0.3573719304875177,0.15514690820861,0.031429826972163684,0.03891243332341032,1.0555777735046934,0.0,0.0
3.2,10.506856931948956,0.3548946612673703,0.15206125509225477,0.03319784530874176,0.038913283057908095,1.0555754715923502,0.0,0.0
3.25,10.489854709440646,0.3522779710298251,0.148802017788904,0.03506532337060553,0.038914183421334084,1.0555730325273476,0.0,0.0
3.3,10.471896041389103,0.34951400863822313,0.14535943050078104,0.0370378566631864,0.038915137604393815,1.0555704476661136,0.0,0.0
3.35,10.452927120710203,0.34659448029197143,0.14172317792171218,0.039121355534804274,0.03891614901978771,1.0555677077637302,0.0,0.0
3.4,10.432891112950077,0.3435106244999808,0.13788236430736628,0.04132206289687931,0.03891722132015578,1.0555648029252702,0.0,0.0
3.45,10.411727985922353,0.3402531856303724,0.13382548080354287,0.04364657294199179,0.03891835841777218,1.0555617225524754,0.0,0.0
3.5,10.38937432975553,0.33681238595425855,0.12954037093429754,0.04610185091602699,0.03891956450618713,1.0555584552851,0.0,0.0
3.55,10.365763166810614,0.333177896096483,0.1250141941461519,0.04869525400381376,0.03892084408405128,1.0555549889363895,0.0,0.0
3.6,10.340823750898583,0.32933880380096514,0.12023338729877196,0.05143455339101753,0.0389222019813883,1.0555513104219298,0.0,0.0
3.65,10.314481355195348,0.32528358091270165,0.1151836239863118,0.05432795756858771,0.03892364338861376,1.0555474056809988,0.0,0.0
3.7,10.286657048217931,0.32100004847251773,0.10984977156707759,0.05738413694979936,0.038925173888650216,1.0555432595895677,0.0,0.0
3.75,10.25726745718973,0.31647533981428355,0.10421584577225781,0.06061224987387782,0.03892679949253477,1.0555388558638732,0.0,0.0
3.8,10.22622451808522,0.3116958615474984,0.09826496275716783,0.06402197007436658,0.03892852667897233,1.0555341769532467,0.0,0.0
3.85,10.193435211604369,0.30664725230084616,0.09197928845074338,0.06762351569480411,0.03893036243836521,1.0555292039208362,0.0,0.0
3.9,10.158801284285166,0.30131433909449434,0.08533998505087616,0.0714276799389267,0.03893231432192247,1.0555239163105818,0.0,0.0
3.95,10.122218953918283,0.29568109120050656,0.078327154504579,0.0754458634475257,0.0389343904965617,1.0555182919984762,0.0,0.0
4.0,10.083578598381004,0.28973057134168345,0.0709197788028832,0.079690108499274,0.03893659980641173,1.0555123070259727,0.0,0.0
4.05,10.042764426958387,0.2834448840693969,0.06309565691077434,0.08417313513830764,0.03893895184188185,1.0555059354128562,0.0,0.0
4.1,9.999654133167521,0.27680512115043926,0.05483133814234335,0.08890837933712616,0.03894145701740662,1.055499148946653,0.0,0.0
4.15,9.954118528046003,0.2697913037814892,0.046102051780629934,0.09391003330946757,0.03894412665918149,1.0554919169449435,0.0,0.0
4.2,9.906021152807995,0.2623823214373888,0.036881632730349646,0.09919308809424184,0.038946973104423466,1.055484205986471,0.0,0.0
4.25,9.85521786970775,0.2545558717879707,0.027142447069629077,0.10477337842048386,0.038950009813979766,1.055475979606093,0.0,0.0
4.3,9.801563790289336,0.2485538273566695,0.018657340639979078,0.11060917228599257,0.01721969198201169,1.055467199158839,0.0,0.0
4.35,9.744948843134248,0.24705687521282305,0.012823192140403663,0.11664189073714118,0.0,1.0451135865288619,0.0,0.005088743547686292
4.4,9.68528023585831,0.24839113201778615,0.008812397791364897,0.12284826879830474,0.0,0.9923137375907733,0.0,0.031058168050428714
4.45,9.622476676184748,0.25170365279865103,0.006056808401504321,0.12921796346273048,0.0,0.9433984370366665,0.0,0.05511630502503295
4.5,9.556455644751587,0.25704633940372357,0.004162832832782244,0.13575528007444657,0.0,0.8979689386736956,0.0,0.07745929499135928
4.55,9.48713258529224,0.26447258367099546,0.002861103376093573,0.14246463153306377,0.0,0.8556792198596253,0.0,0.09825734009939624
4.6,9.414420686462329,0.2740371809302666,0.0019664305537913144,0.14935054667280345,0.0,0.8162275095977195,0.0,0.11765887161435185
4.65,9.338230836438536,0.28579636497179806,0.0013515243845362021,0.15641767314960128,0.0,0.7793494322806392,0.0,0.13579392259222156
4.7,9.258471569441463,0.29980784558936774,0.0009289008819872729,0.1636707805810568,0.0,0.7448123870065357,0.0,0.15277689270240957
4.75,9.175049009157298,0.3161308468660686,0.0006384326509365939,0.17111476374009496,0.0,0.7124109112698179,0.0,0.16870882876772897
4.8,9.087866809449551,0.3348261463374678,0.0004387943588310113,0.17875464581502754,0.0,0.6819628335363398,0.0,0.18367931718645647
4.85,8.996826092748893,0.35595611505071273,0.00030158325157084176,0.1865955817390002,0.0,0.6533060624035286,0.0,0.1977680631528036
4.9,8.901825386389776,0.3795847585296951,0.0002072782089696952,0.19464286159082217,0.0,0.6262958927518604,0.0,0.2110462155018512
4.95,8.802760557081129,0.40577775865085197,0.00014246242296258403,0.20290191406846886,0.0,0.6008027343037647,0.0,0.22357748370019337
5.0,8.699524743645773,0.4346025164285465,9.79145569668445e-05,0.21137831003587676,0.0,0.5767101872803868,0.0,0.2354190840202448
5.05,8.592008288130875,0.46612819570282216,6.72968078697603e-05,0.22007776614297722,0.0,0.55391340481257,0.0,0.24662254457134636
5.1,8.480098665374218,0.5004257677151992,4.625321629297713e-05,0.229006148518196,0.0,0.5323176934619063,0.0,0.2572343931032046
5.15,8.363680411104898,0.537568056549682,3.1789938607434394e-05,0.2381694765318429,0.0,0.5118373124169167,0.0,0.2672967469631212
5.2,8.242635048660045,0.5776297854057632,2.184931002479996e-05,0.24757392662788252,0.0,0.49239443922150783,0.0,0.27684782099731065
5.25,8.116841014410252,0.6206876236574099,1.5017099505615838e-05,0.2572258362204595,0.0,0.4739182757027563,0.0,0.2859223663231351
5.3,7.986173582005449,0.6668202346360566,1.0321306887310835e-05,0.26713170765019134,0.0,0.45634427241948833,0.0,0.29455205060275674
5.35,7.850504785580285,0.7161083240556448,7.093876663110202e-06,0.2772982121935573,0.0,0.43961345370200916,0.0,0.3027657885960083
5.4,7.709703342095127,0.7686346889725411,4.875654162083521e-06,0.287732194116608,0.0,0.4236718283891364,0.0,0.3105900302655187
5.45,7.563634573037415,0.8244842671412257,3.351062115054552e-06,0.29844067476156105,0.0,0.4084698738373912,0.0,0.31804901247862327
5.5,7.412160325771356,0.8837441865858497,2.3032039539515014e-06,0.30943085665146913,0.0,0.39396208279612027,0.0,0.32516497933826
5.55,7.25513889490599,0.9465038151554227,1.5830063601772687e-06,0.32071012759381257,0.0,0.3801065643994743,0.0,0.33195837533488537
5.6,7.092424944158375,1.0128548097626615,1.0880109695752388e-06,0.3322860647582668,0.0,0.3668646918927663,0.0,0.3384480148057623
5.65,6.923869429328121,1.0828911649182258,7.47797914591518e-07,0.3441664386965994,0.0,0.35420079084255585,0.0,0.3446512305860746
5.7,6.749319523183267,1.1567092600559872,5.139674266320305e-07,0.3563592172630548,0.0,0.34208186252079364,0.0,0.35058400421203884
5.75,6.56861854330133,1.234407904990917,3.532541904326602e-07,0.36887256938086,0.0,0.33047733793925926,0.0,0.3562610795648652
5.8,6.381605884236818,1.3160883826446417,2.427948321697853e-07,0.38171486858342407,0.0,0.31935885866903013,0.0,0.36169606140262767
5.85,6.1881169558297,1.4018544878938592,1.6687525686657553e-07,0.394894696235682,0.0,0.3087000811351662,0.0,0.36690149978687214
5.9,5.987983130076878,1.4918125610135937,1.1469503206781953e-07,0.4084208443093832,0.0,0.2984765015456919,0.0,0.3718889609417348
5.95,5.781031699845072,1.5860715136468848,7.883110736712793e-08,0.4223023175414864,0.0,0.2886652990149084,0.0,0.37666908453863673
6.0,5.56708585386657,1.6847428444987271,5.418150691029895e-08,0.43654833474420923,0.0,0.2792451947829064,0.0,0.3812516267184661
6.05,5.345964674208095,1.7879406408487342,3.7239596819560365e-08,0.45116832894414666,0.0,0.2701963257329897,0.0,0.3856454872433389
6.1,5.117483164864145,1.895781560424275,2.559524573656624e-08,0.4661719458996118,0.0,0.261500130670785,0.0,0.38985871785581433
6.15,4.881452323832537,2.0083847858374253,1.759195361229211e-08,0.4815690403521991,0.0,0.2531392480684591,0.0,0.39389850694616113
6.2,4.637679276636952,2.125871940251547,1.2091197957964965e-08,0.49736966907636154,0.0,0.24509742420397798,0.0,0.39777113252925356
6.25,4.385967497979764,2.2483669474427717,8.310464744087083e-09,0.5135840793364442,0.0,0.23735943085561167,0.0,0.40148187048764744
6.3,4.126117162229356,2.3759958105757115,5.711910799764695e-09,0.5302226906299259,0.0,0.22991099197014092,0.0,0.4050348365207504
6.35,3.8579256858636146,2.508886269869486,3.925892748717142e-09,0.5472960664273635,0.0,0.2227387190329444,0.0,0.4084327253184751
6.4,3.581188564957698,2.6471672741149046,2.6983360858517738e-09,0.5648148705367307,0.0,0.21583005534532246,0.0,0.4116763832127311
6.45,3.2957006783002862,2.7909681584200747,1.854615329552163e-09,0.5827897992023553,0.0,0.20917323009882127,0.0,0.4147640984752963
6.5,3.0012583559170407,2.9404173390518564,1.2747097156167987e-09,0.6012314733158441,0.0,0.20275722442720528,0.0,0.4176903883988556
6.55,2.697662762302034,3.0956401788154135,8.761265793251605e-10,0.6201502621128329,0.0,0.19657175400117094,0.0,0.42044383702560656
6.6,2.384725667219699,3.256755346095352,6.021675090598596e-10,0.6395559824445846,0.0,0.1906072777270324,0.0,0.42300301652640565
6.65,2.06227986234727,3.423868242799925,4.1385262676185255e-10,0.659457355937356,0.0,0.18485505343181047,0.0,0.42532820472791893
6.7,1.730199454246909,3.5970582012555883,2.843691143865819e-10,0.6798609514587485,0.0,0.17930728997779832,0.0,0.42734284844264614
6.75,1.3884437760639847,3.7763507798759632,1.9519040486204038e-10,0.7007688967222712,0.0,0.17395752770704606,0.0,0.4288862110415248
6.8,1.037167968312546,3.961647996824495,1.3299206231191317e-10,0.7221731155114741,0.0,0.16880166562481422,0.0,0.42956700230085676
6.85,0.6770767435342094,4.152505137226587,8.231264377849663e-11,0.7440368916645473,0.0,0.1638413714877536,0.0,0.4281498521334951
6.9,0.31120968181263076,4.347004397342338,9.981524879153082e-11,0.766201830519679,0.0,0.15910171434218115,0.0,0.4178403973826227
6.95,0.001626251436345537,4.505806885486159,2.207468943091511e-10,0.7854308003040184,0.019125637885630445,0.10339563690490568,0.0,0.0
7.0,9.429411664680895e-09,4.419616041702969,1.517156250593091e-10,0.7877935535217666,0.057121564144351246,0.0,0.0,0.0
7.05,9.417644374741293e-09,4.3309218516812,1.0425321478030152e-10,0.79004775662618,0.056958582088971435,0.0,0.0,0.0
7.1,9.37878546105052e-09,4.242227189167081,7.163501009505901e-11,0.7923019717420688,0.056796526583237625,0.0,0.0,0.0
7.15,9.40842935676589e-09,4.153532054010979,4.9222218545394066e-11,0.7945561988631158,0.05663538974887853,0.0,0.0,0.0
7.2,9.398965777184664e-09,4.064836446375983,3.3821830084724726e-11,0.7968104379965681,0.05647516379572554,0.0,0.0,0.0
7.25,9.397870505363647e-09,3.976140366186516,2.3239835836202184e-11,0.799064689139321,0.05631584102217038,0.0,0.0,0.0
7.3,9.401000037712869e-09,3.8874438134464353,1.5968681069955503e-11,0.8013189522917148,0.0561574138129433,0.0,0.0,0.0
7.35,9.399345791430723e-09,3.798746788167088,1.0972483552068982e-11,0.8035732274544147,0.05599987463812409,0.0,0.0,0.0
7.4,9.399737421835411e-09,3.7100492903354456,7.539470008678619e-12,0.8058275146270294,0.055843216052045425,0.0,0.0,0.0
7.45,9.399986546985277e-09,3.621351319952359,5.180553116599747e-12,0.8080818138097685,0.05568743069200355,0.0,0.0,0.0
7.5,9.399824213776478e-09,3.532652877015725,3.559688105447823e-12,0.8103361250027141,0.055532511277155854,0.0,0.0,0.0
7.55,9.399962317763574e-09,3.4439539615219283,2.445947042797785e-12,0.8125904482058827,0.055378450607382154,0.0,0.0,0.0
7.6,9.400007887545382e-09,3.3552545734690575,1.680669455282905e-12,0.8148447834193644,0.05522524156215958,0.0,0.0,0.0
7.65,9.400039218966352e-09,3.2665547128544756,1.1548274141793422e-12,0.817099130643218,0.055072877099472776,0.0,0.0,0.0
7.7,9.40010250127114e-09,3.1778543796755927,7.935103707874996e-13,0.8193534898775047,0.05492135025473267,0.0,0.0,0.0
7.75,9.400148817671444e-09,3.0891535739299667,5.452491719001892e-13,0.8216078611222911,0.054770654139715,0.0,0.0,0.0
7.8,9.400204076649817e-09,3.000452295615045,3.7470877905544756e-13,0.82386224437764,0.05462078194151716,0.0,0.0,0.0
7.85,9.400255227068653e-09,2.911750544728319,2.5747717462848727e-13,0.8261166396436161,0.054471726921531134,0.0,0.0,0.0
7.9,9.400303383243783e-09,2.823048321267275,1.7691415670802236e-13,0.8283710469202836,0.054323482414433626,0.0,0.0,0.0
7.95,9.400354143451813e-09,2.734345625229391,1.215764619495966e-13,0.8306254662077056,0.05417604182719258,0.0,0.0,0.0
8.0,9.400402849918862e-09,2.64564245661215,8.354425115927971e-14,0.8328798975059468,0.05402939863808959,0.0,0.0,0.0
8.05,9.400453178994723e-09,2.5569388154130315,5.740590959111407e-14,0.8351343408150709,0.053883546395758423,0.0,0.0,0.0
8.1,9.400502610842809e-09,2.468234701629522,3.9453817710956813e-14,0.8373887961351416,0.0537384787182389,0.0,0.0,0.0
8.15,9.400552681710597e-09,2.379530115259096,2.7109164848962952e-14,0.8396432634662232,0.05359418929204598,0.0,0.0,0.0
8.2,9.400602530379166e-09,2.290825056299248,1.862804760473392e-14,0.8418977428083799,0.053450671871253866,0.0,0.0,0.0
8.25,9.40065251980522e-09,2.2021195247474505,1.2800493165013521e-14,0.8441522341616752,0.05330792027659484,0.0,0.0,0.0
8.3,9.400702657035784e-09,2.1134135206011853,8.791738081797362e-15,0.8464067375261735,0.053165928394572196,0.0,0.0,0.0
8.35,9.400752700802408e-09,2.024707043857938,6.041139139960054e-15,0.8486612529019388,0.05302469017658765,0.0,0.0,0.0
8.4,9.40080282580065e-09,1.9360000945151927,4.154177343426224e-15,0.8509157802890345,0.05288419963808245,0.0,0.0,0.0
8.45,9.400852903882248e-09,1.847292672570425,2.857682384725313e-15,0.8531703196875257,0.052744450857691916,0.0,0.0,0.0
8.5,9.400903004051717e-09,1.7585847780211272,1.9584703326114996e-15,0.8554248710974753,0.05260543797641379,0.0,0.0,0.0
8.55,9.40095309357058e-09,1.669876410864773,1.3446414003549198e-15,0.8576794345189478,0.052467155196789156,0.0,0.0,0.0
8.6,9.401003177416727e-09,1.5811675710988449,9.25245551860497e-16,0.8599340099520072,0.05232959678209662,0.0,0.0,0.0
8.65,9.40105326276605e-09,1.492458258720832,6.402336624693423e-16,0.8621885973967172,0.052192757055558966,0.0,0.0,0.0
8.7,9.40110334588058e-09,1.4037484737282049,4.388254693052264e-16,0.8644431968531422,0.05205663039956218,0.0,0.0,0.0
8.75,9.401153432632816e-09,1.3150382161184575,2.9858910039020955e-16,0.8666978083213459,0.051921211254886815,0.0,0.0,0.0
8.8,9.401203518465076e-09,1.2263274858890594,2.033537172259052e-16,0.8689524318013923,0.05178649411995109,0.0,0.0,0.0
8.85,9.401253605213293e-09,1.1376162830375076,1.380198327912718e-16,0.8712070672933455,0.051652473550065886,0.0,0.0,0.0
8.9,9.40130369207641e-09,1.0489046075612714,9.408242918944472e-17,0.8734617147972698,0.05151914415670123,0.0,0.0,0.0
8.95,9.401353779255575e-09,0.9601924594578392,6.355825227080815e-17,0.8757163743132286,0.05138650060676413,0.0,0.0,0.0
9.0,9.401403866642263e-09,0.8714798387246937,4.2538803437504625e-17,0.8779710458412862,0.051254537621887364,0.0,0.0,0.0
9.05,9.401453954271624e-09,0.7827667453593088,2.6366348756983855e-17,0.8802257293815068,0.05112324997772944,0.0,0.0,0.0
9.1,9.401504042184371e-09,0.6940531793591789,1.244219734274277e-17,0.8824804249339538,0.05099263250328512,0.0,0.0,0.0
9.15,9.401554130356664e-09,0.6053391407217743,2.098434428084628e-18,0.884735132498692,0.05086268008020641,0.0,0.0,0.0
9.2,9.401604218810436e-09,0.5166246295583036,5.132557228749248e-21,0.8869898520728945,0.05073338764229945,0.0,0.0,0.0
9.25,9.40165430752053e-09,0.42790965482197174,0.0,0.8892445834290114,0.05060475018748581,0.0,0.0,0.0
9.3,9.401704396502676e-09,0.3391941982412925,7.883755084490006e-19,0.8914993270314215,0.05047676272493018,0.0,0.0,0.0
9.35,9.401754485751672e-09,0.2504782690296869,0.0,0.8937540826459612,0.05034942035372569,0.0,0.0,0.0
9.4,9.401804575267526e-09,0.16176186716821642,0.0,0.8960088502731117,0.05022271820895919,0.0,0.0,0.0
9.45,9.401854665050238e-09,0.07304499265436178,0.0,0.898263629912937,0.05009665147453601,0.0,0.0,0.0
9.5,9.401891856815143e-09,0.0,0.013460997964099271,0.9001197138566279,0.0,0.0,0.0,0.0
9.55,9.401873367389407e-09,0.0,0.07491994990293765,0.9001179437132508,0.0,0.0,0.0,0.0
9.6,9.40186065956478e-09,0.0,0.11716082823590931,0.9001167270896563,0.0,0.0,0.0,0.0
9.65,9.401851925603089e-09,0.0,0.1461925645085019,0.9001158909163395,0.0,0.0,0.0,0.0
9.7,9.401845922850242e-09,0.0,0.1661457477033888,0.9001153162238991,0.0,0.0,0.0,0.0
9.75,9.401841797216175e-09,0.0,0.17985937783545572,0.9001149212433343,0.0,0.0,0.0,0.0
9.8,9.401838961706882e-09,0.0,0.18928462617926234,0.900114649776926,0.0,0.0,0.0,0.0
9.85,9.401837012887699e-09,0.0,0.19576251177069173,0.9001144632005866,0.0,0.0,0.0,0.0
9.9,9.401835673482167e-09,0.0,0.2002147030521478,0.9001143349683818,0.0,0.0,0.0,0.0
9.95,9.401834752920947e-09,0.0,0.20327465357099353,0.9001142468355554,0.0,0.0,0.0,0.0
10.0,9.401834120227556e-09,0.0,0.2053777298574639,0.9001141862626618,0.0,0.0,0.0,0.0
