time_day,nutrient_mmol,product_g,viable_cells_million,volume_l,ivcd_million_cell_day_per_ml
0.0,10.0,0.0,1.0,1.0,0.0
0.01,9.972000000000001,0.003,1.0,1.001,9.995003330834232e-06
0.02,9.943999999999999,0.006,1.0,1.002,1.998002662673058e-05
0.03,9.916,0.009,1.0,1.003,2.995508979798371e-05
0.04,9.888,0.012,1.0,1.004,3.992021269537457e-05
0.05,9.86,0.015000000000000003,1.0,1.005,4.987541511038968e-05
0.06,9.832,0.018,1.0,1.006,5.982071677547469e-05
0.07,9.803999999999998,0.021000000000000005,1.0,1.007,6.975613736425138e-05
0.08,9.776,0.024,1.0,1.008,7.96816964917688e-05
0.09,9.748000000000001,0.027000000000000003,1.0,1.009,8.9597413714718e-05
0.1,9.719999999999999,0.030000000000000006,1.0,1.01,9.950330853168092e-05
0.11,9.692,0.033,1.0,1.011,0.00010939940038334264
0.12,9.664,0.036,1.0,1.012,0.00011928570865273811
0.13,9.636,0.03900000000000001,1.0,1.013,0.00012916225266546228
0.14,9.608,0.04200000000000001,1.0,1.014,0.00013902905168991433
0.15,9.58,0.045,1.0,1.015,0.00014888612493750558
0.16,9.552,0.048,1.0,1.016,0.00015873349156290162
0.17,9.524000000000001,0.051000000000000004,1.0,1.017,0.00016857117066422807
0.18,9.495999999999999,0.054000000000000006,1.0,1.018,0.00017839918128331015
0.19,9.468,0.05700000000000001,1.0,1.019,0.00018821754240587666
0.2,9.44,0.06000000000000001,1.0,1.02,0.00019802627296179728
0.21,9.411999999999999,0.063,1.0,1.021,0.00020782539182528413
0.22,9.384,0.066,1.0,1.022,0.0002176149178151271
0.23,9.356,0.069,1.0,1.023,0.0002273948696948934
0.24,9.328,0.072,1.0,1.024,0.00023716526617316064
0.25,9.3,0.07500000000000001,1.0,1.025,0.0002469261259037141
0.26,9.272,0.07800000000000001,1.0,1.026,0.00025667746748577814
0.27,9.244,0.08100000000000002,1.0,1.027,0.0002664193094642109
0.28,9.216,0.08400000000000002,1.0,1.028,0.00027615167032973387
0.29,9.188,0.087,1.0,1.029,0.0002858745685191247
0.3,9.16,0.09,1.0,1.03,0.0002955880224154443
0.31,9.132,0.093,1.0,1.031,0.0003052920503482279
0.32,9.104,0.096,1.0,1.032,0.0003149866705937102
0.33,9.076,0.099,1.0,1.033,0.00032467190137501413
0.34,9.048,0.10200000000000001,1.0,1.034,0.00033434776086237417
0.35,9.02,0.10499999999999998,1.0,1.035,0.0003440142671733232
0.36,8.991999999999999,0.10800000000000001,1.0,1.036,0.00035367143837291345
0.37,8.964,0.11099999999999999,1.0,1.037,0.00036331929247390205
0.38,8.936,0.11400000000000002,1.0,1.038,0.00037295784743696927
0.39,8.908,0.11699999999999999,1.0,1.039,0.00038258712117090267
0.4,8.879999999999999,0.12000000000000002,1.0,1.04,0.0003922071315328133
0.41,8.852,0.123,1.0,1.041,0.0004018178963283176
0.42,8.824,0.126,1.0,1.042,0.00041141943331175215
0.43,8.796,0.129,1.0,1.043,0.0004210117601863532
0.44,8.767999999999999,0.132,1.0,1.044,0.0004305948946044701
0.45,8.74,0.135,1.0,1.045,0.0004401688541677426
0.46,8.712,0.138,1.0,1.046,0.00044973365642731193
0.47,8.684,0.141,1.0,1.047,0.0004592893188839973
0.48,8.656,0.144,1.0,1.048,0.0004688358589885046
0.49,8.628,0.147,1.0,1.049,0.0004783732941416006
0.5,8.6,0.15000000000000002,1.0,1.05,0.0004879016416943205
0.5,8.6,0.15000000000000002,1.0,1.05,0.0004879016416943205
0.51,8.574,0.15300000000000002,1.0,1.052,0.0004974163924247509
0.52,8.548,0.15600000000000003,1.0,1.054,0.0005069130714430129
0.53,8.522,0.15900000000000003,1.0,1.056,0.0005163917472675095
0.54,8.495999999999999,0.16200000000000003,1.0,1.058,0.0005258524880276988
0.55,8.469999999999999,0.16500000000000004,1.0,1.06,0.0005352953614670392
0.56,8.443999999999999,0.16800000000000004,1.0,1.062,0.0005447204349458955
0.57,8.418000000000001,0.171,1.0,1.064,0.0005541277754444241
0.58,8.392,0.17400000000000002,1.0,1.066,0.0005635174495654246
0.59,8.366,0.17700000000000002,1.0,1.068,0.0005728895235371759
0.6,8.339999999999998,0.18000000000000002,1.0,1.07,0.0005822440632162342
0.61,8.314,0.18300000000000002,1.0,1.072,0.0005915811340902122
0.62,8.288,0.18600000000000003,1.0,1.074,0.0006009008012805255
0.63,8.261999999999999,0.18900000000000003,1.0,1.076,0.0006102031295451239
0.64,8.235999999999999,0.19200000000000003,1.0,1.078,0.0006194881832811873
0.65,8.21,0.19500000000000003,1.0,1.08,0.0006287560265278027
0.66,8.184,0.19800000000000004,1.0,1.082,0.0006380067229686097
0.67,8.158,0.20100000000000004,1.0,1.084,0.0006472403359344329
0.68,8.131999999999998,0.20400000000000004,1.0,1.086,0.0006564569284058788
0.69,8.106,0.20700000000000002,1.0,1.088,0.0006656565630159155
0.7,8.08,0.21000000000000002,1.0,1.09,0.0006748393020524226
0.71,8.053999999999998,0.21300000000000002,1.0,1.092,0.0006840052074607271
0.72,8.027999999999999,0.21600000000000003,1.0,1.094,0.0006931543408461077
0.73,8.002,0.21900000000000003,1.0,1.096,0.0007022867634762792
0.74,7.976,0.22200000000000003,1.0,1.098,0.0007114025362838554
0.75,7.949999999999999,0.22500000000000003,1.0,1.1,0.000720501719868785
0.75,7.227272727272727,0.20454545454545456,0.9090909090909091,1.0,0.000720501719868785
0.76,7.203999999999999,0.20727272727272728,0.9090909090909091,1.002,0.0007295835501536625
0.77,7.180727272727272,0.21000000000000002,0.9090909090909091,1.004,0.0007386472710939553
0.78,7.157454545454545,0.21272727272727274,0.9090909090909091,1.006,0.0007476929547667281
0.79,7.134181818181817,0.21545454545454548,0.9090909090909091,1.008,0.000756720672819589
0.8,7.1109090909090895,0.2181818181818182,0.9090909090909091,1.01,0.0007657304964740945
0.81,7.087636363636363,0.22090909090909094,0.9090909090909091,1.012,0.0007747224965291206
0.82,7.064363636363636,0.22363636363636363,0.9090909090909091,1.014,0.0007836967433642007
0.83,7.041090909090909,0.22636363636363638,0.9090909090909091,1.016,0.0007926533069428312
0.84,7.017818181818181,0.2290909090909091,0.9090909090909091,1.018,0.0008015922568157442
0.85,6.994545454545454,0.2318181818181818,0.9090909090909091,1.02,0.0008105136621241474
0.86,6.971272727272726,0.23454545454545456,0.9090909090909091,1.022,0.0008194175916029338
0.87,6.9479999999999995,0.23727272727272727,0.9090909090909091,1.024,0.000828304113583858
0.88,6.924727272727272,0.24000000000000002,0.9090909090909091,1.026,0.0008371732959986842
0.89,6.901454545454545,0.24272727272727274,0.9090909090909091,1.028,0.0008460252063823004
0.9,6.878181818181817,0.24545454545454548,0.9090909090909091,1.03,0.0008548599118758051
0.91,6.85490909090909,0.2481818181818182,0.9090909090909091,1.032,0.0008636774792295624
0.92,6.831636363636362,0.2509090909090909,0.9090909090909091,1.034,0.0008724779748062279
0.93,6.8083636363636355,0.25363636363636366,0.9090909090909091,1.036,0.0008812614645837458
0.94,6.785090909090909,0.25636363636363635,0.9090909090909091,1.038,0.0008900280141583165
0.95,6.761818181818182,0.2590909090909091,0.9090909090909091,1.04,0.0008987776887473365
0.96,6.738545454545454,0.26181818181818184,0.9090909090909091,1.042,0.0009075105531923087
0.97,6.715272727272727,0.26454545454545453,0.9090909090909091,1.044,0.000916226671961726
0.98,6.691999999999999,0.2672727272727273,0.9090909090909091,1.046,0.0009249261091539269
0.99,6.668727272727272,0.27,0.9090909090909091,1.048,0.0009336089284999235
1.0,6.645454545454545,0.2727272727272727,0.9090909090909091,1.05,0.0009422751933662035
1.0,6.945454545454544,0.2727272727272727,0.9090909090909091,1.1500000000000001,0.0009422751933662035
1.01,6.918181818181817,0.27545454545454545,0.9090909090909091,1.1500000000000001,0.0009501803317061245
1.02,6.89090909090909,0.27818181818181814,0.9090909090909091,1.1500000000000001,0.0009580854700460454
1.03,6.863636363636362,0.2809090909090909,0.9090909090909091,1.1500000000000001,0.0009659906083859664
1.04,6.836363636363635,0.28363636363636363,0.9090909090909091,1.1500000000000001,0.0009738957467258873
1.05,6.809090909090908,0.2863636363636364,0.9090909090909091,1.1500000000000001,0.0009818008850658083
1.06,6.78181818181818,0.28909090909090907,0.9090909090909091,1.1500000000000001,0.0009897060234057293
1.07,6.754545454545453,0.2918181818181818,0.9090909090909091,1.1500000000000001,0.00099761116174565
1.08,6.727272727272726,0.29454545454545455,0.9090909090909091,1.1500000000000001,0.0010055163000855711
1.09,6.699999999999998,0.29727272727272724,0.9090909090909091,1.1500000000000001,0.0010134214384254921
1.1,6.672727272727272,0.3,0.9090909090909091,1.1500000000000001,0.0010213265767654131
1.11,6.645454545454545,0.30272727272727273,0.9090909090909091,1.1500000000000001,0.001029231715105334
1.12,6.618181818181817,0.3054545454545455,0.9090909090909091,1.1500000000000001,0.001037136853445255
1.13,6.59090909090909,0.3081818181818181,0.9090909090909091,1.1500000000000001,0.0010450419917851757
1.14,6.563636363636363,0.31090909090909086,0.9090909090909091,1.1500000000000001,0.0010529471301250967
1.15,6.536363636363635,0.3136363636363636,0.9090909090909091,1.1500000000000001,0.0010608522684650177
1.16,6.509090909090908,0.3163636363636363,0.9090909090909091,1.1500000000000001,0.0010687574068049385
1.17,6.481818181818181,0.31909090909090904,0.9090909090909091,1.1500000000000001,0.0010766625451448595
1.18,6.454545454545454,0.3218181818181818,0.9090909090909091,1.1500000000000001,0.0010845676834847805
1.19,6.427272727272727,0.3245454545454545,0.9090909090909091,1.1500000000000001,0.0010924728218247015
1.2,6.3999999999999995,0.32727272727272727,0.9090909090909091,1.1500000000000001,0.0011003779601646223
1.21,6.372727272727272,0.32999999999999996,0.9090909090909091,1.1500000000000001,0.0011082830985045433
1.22,6.345454545454545,0.3327272727272727,0.9090909090909091,1.1500000000000001,0.0011161882368444643
1.23,6.3181818181818175,0.33545454545454545,0.9090909090909091,1.1500000000000001,0.0011240933751843853
1.24,6.29090909090909,0.33818181818181814,0.9090909090909091,1.1500000000000001,0.0011319985135243061
1.25,6.263636363636363,0.3409090909090909,0.9090909090909091,1.1500000000000001,0.0011399036518642271
1.26,6.236363636363635,0.34363636363636363,0.9090909090909091,1.1500000000000001,0.0011478087902041482
1.27,6.209090909090908,0.3463636363636363,0.9090909090909091,1.1500000000000001,0.0011557139285440692
1.28,6.181818181818181,0.34909090909090906,0.9090909090909091,1.1500000000000001,0.00116361906688399
1.29,6.154545454545453,0.3518181818181818,0.9090909090909091,1.1500000000000001,0.001171524205223911
1.3,6.127272727272726,0.35454545454545455,0.9090909090909091,1.1500000000000001,0.001179429343563832
1.31,6.099999999999999,0.3572727272727273,0.9090909090909091,1.1500000000000001,0.001187334481903753
1.32,6.072727272727271,0.36,0.9090909090909091,1.1500000000000001,0.001195239620243674
1.33,6.045454545454544,0.36272727272727273,0.9090909090909091,1.1500000000000001,0.0012031447585835948
1.34,6.018181818181817,0.3654545454545455,0.9090909090909091,1.1500000000000001,0.0012110498969235158
1.35,5.990909090909089,0.36818181818181817,0.9090909090909091,1.1500000000000001,0.0012189550352634368
1.36,5.963636363636362,0.3709090909090909,0.9090909090909091,1.1500000000000001,0.0012268601736033576
1.37,5.936363636363636,0.37363636363636366,0.9090909090909091,1.1500000000000001,0.0012347653119432786
1.38,5.909090909090908,0.3763636363636363,0.9090909090909091,1.1500000000000001,0.0012426704502831994
1.39,5.881818181818181,0.37909090909090903,0.9090909090909091,1.1500000000000001,0.0012505755886231204
1.4,5.854545454545454,0.3818181818181818,0.9090909090909091,1.1500000000000001,0.0012584807269630414
1.41,5.827272727272726,0.3845454545454545,0.9090909090909091,1.1500000000000001,0.0012663858653029622
1.42,5.799999999999999,0.3872727272727272,0.9090909090909091,1.1500000000000001,0.0012742910036428832
1.43,5.772727272727272,0.38999999999999996,0.9090909090909091,1.1500000000000001,0.0012821961419828042
1.44,5.745454545454544,0.3927272727272727,0.9090909090909091,1.1500000000000001,0.0012901012803227252
1.45,5.718181818181817,0.3954545454545454,0.9090909090909091,1.1500000000000001,0.0012980064186626462
1.46,5.69090909090909,0.3981818181818182,0.9090909090909091,1.1500000000000001,0.001305911557002567
1.47,5.663636363636362,0.4009090909090909,0.9090909090909091,1.1500000000000001,0.001313816695342488
1.48,5.636363636363636,0.40363636363636357,0.9090909090909091,1.1500000000000001,0.001321721833682409
1.49,5.6090909090909085,0.40636363636363637,0.9090909090909091,1.1500000000000001,0.0013296269720223298
1.5,5.581818181818181,0.40909090909090906,0.9090909090909091,1.1500000000000001,0.0013375321103622508
