time_h,volume_l,nutrient_g,nutrient_g_l,viable_cells_million,viable_cells_million_per_l,dead_cells_million,dead_cells_million_per_l,product_g,product_g_l,ivcd_million_cell_day_per_ml
0.0,1.0,1.0,1.0,1.0,1.0,0.0,0.0,0.0,0.0,0.0
0.24,1.001,0.9972,0.9962037962037963,1.0,0.9990009990009991,0.0,0.0,0.0029999999999999996,0.002997002997002997,9.999999999999999e-06
0.48,1.0019999999999998,0.9943999999999998,0.9924151696606787,1.0,0.9980039920159682,0.0,0.0,0.005999999999999999,0.005988023952095809,1.999000999000999e-05
0.72,1.0029999999999997,0.9915999999999998,0.9886340977068795,1.0,0.9970089730807581,0.0,0.0,0.009,0.008973080757726822,2.9970049910169672e-05
0.96,1.0039999999999998,0.9887999999999998,0.9848605577689243,1.0,0.9960159362549803,0.0,0.0,0.011999999999999999,0.011952191235059762,3.994013964097725e-05
1.2,1.0049999999999997,0.9859999999999997,0.981094527363184,1.0,0.9950248756218909,0.0,0.0,0.014999999999999998,0.014925373134328361,4.990029900352705e-05
1.44,1.0059999999999996,0.9831999999999996,0.9773359840954275,1.0,0.9940357852882709,0.0,0.0,0.018,0.017892644135188873,5.985054775974596e-05
1.68,1.0069999999999995,0.9803999999999995,0.9735849056603774,1.0,0.9930486593843104,0.0,0.0,0.020999999999999998,0.020854021847070515,6.979090561262866e-05
1.92,1.0079999999999993,0.9775999999999995,0.96984126984127,1.0,0.9920634920634928,0.0,0.0,0.023999999999999997,0.023809523809523822,7.972139220647177e-05
2.16,1.0089999999999992,0.9747999999999996,0.9661050545094155,1.0,0.9910802775024784,0.0,0.0,0.026999999999999996,0.026759167492566915,8.96420271271067e-05
2.4,1.0099999999999991,0.9719999999999995,0.9623762376237628,1.0,0.990099009900991,0.0,0.0,0.029999999999999995,0.029702970297029726,9.955282990213148e-05
2.64,1.010999999999999,0.9691999999999996,0.9586547972304654,1.0,0.9891196834817022,0.0,0.0,0.032999999999999995,0.032640949554896166,0.0001094538200011414
2.88,1.0119999999999991,0.9663999999999996,0.954940711462451,1.0,0.9881422924901194,0.0,0.0,0.036,0.0355731225296443,0.00011934501683595841
3.12,1.012999999999999,0.9635999999999997,0.9512339585389937,1.0,0.9871668311944728,0.0,0.0,0.039,0.03849950641658444,0.00012922643976085962
3.36,1.013999999999999,0.9607999999999998,0.9475345167652868,1.0,0.9861932938856026,0.0,0.0,0.042,0.04142011834319531,0.00013909810807280436
3.6,1.0149999999999988,0.9579999999999997,0.9438423645320205,1.0,0.9852216748768484,0.0,0.0,0.045000000000000005,0.044334975369458185,0.0001489600410116604
3.84,1.0159999999999987,0.9551999999999998,0.9401574803149617,1.0,0.9842519685039383,0.0,0.0,0.04800000000000001,0.047244094488189045,0.00015881225776042887
4.08,1.0169999999999986,0.9523999999999998,0.9364798426745341,1.0,0.9832841691248785,0.0,0.0,0.05100000000000001,0.050147492625368814,0.00016865477744546826
4.32,1.0179999999999985,0.9495999999999999,0.9328094302554041,1.0,0.9823182711198443,0.0,0.0,0.05400000000000001,0.05304518664047161,0.00017848761913671703
4.56,1.0189999999999984,0.9468,0.9291462217860662,1.0,0.9813542688910712,0.0,0.0,0.057000000000000016,0.055937193326791076,0.00018831080184791548
4.8,1.0199999999999982,0.944,0.925490196078433,1.0,0.9803921568627468,0.0,0.0,0.06000000000000002,0.05882352941176482,0.0001981243445368262
5.04,1.0209999999999984,0.9412,0.9218413320274256,1.0,0.9794319294809026,0.0,0.0,0.06300000000000001,0.061704211557296884,0.00020792826610545366
5.28,1.0219999999999982,0.9384,0.9181996086105692,1.0,0.978473581213309,0.0,0.0,0.06600000000000002,0.0645792563600784,0.0002177225854002627
5.52,1.0229999999999981,0.9356000000000001,0.9145650048875873,1.0,0.9775171065493664,0.0,0.0,0.06900000000000002,0.0674486803519063,0.00022750732121239577
5.76,1.023999999999998,0.9328000000000001,0.9109375000000018,1.0,0.9765625000000019,0.0,0.0,0.07200000000000002,0.07031250000000015,0.00023728249227788944
6.0,1.024999999999998,0.9300000000000002,0.9073170731707337,1.0,0.975609756097563,0.0,0.0,0.07500000000000002,0.07317073170731725,0.0002470481172778895
6.24,1.0259999999999978,0.9272000000000002,0.9037037037037059,1.0,0.9746588693957136,0.0,0.0,0.07800000000000003,0.07602339181286569,0.0002568042148388651
6.48,1.0269999999999977,0.9244000000000002,0.9000973709834492,1.0,0.9737098344693303,0.0,0.0,0.08100000000000003,0.07887049659201578,0.0002665508035328222
6.72,1.0279999999999976,0.9216000000000003,0.8964980544747105,1.0,0.9727626459143992,0.0,0.0,0.08400000000000003,0.08171206225680956,0.0002762879018775155
6.96,1.0289999999999975,0.9188000000000003,0.8929057337220627,1.0,0.971817298347913,0.0,0.0,0.08700000000000004,0.08454810495626847,0.0002860155283366595
7.2,1.0299999999999976,0.9160000000000004,0.889320388349517,1.0,0.9708737864077692,0.0,0.0,0.09000000000000004,0.08737864077669927,0.00029573370132013864
7.44,1.0309999999999975,0.9132000000000005,0.8857419980601384,1.0,0.9699321047526697,0.0,0.0,0.09300000000000004,0.09020368574199832,0.00030544243918421635
7.68,1.0319999999999974,0.9104000000000004,0.8821705426356616,1.0,0.968992248062018,0.0,0.0,0.09600000000000004,0.09302325581395376,0.000315141760231743
7.92,1.0329999999999973,0.9076000000000005,0.8786060019361113,1.0,0.9680542110358206,0.0,0.0,0.09900000000000005,0.09583736689254628,0.0003248316827123632
8.16,1.0339999999999971,0.9048000000000005,0.8750483558994226,1.0,0.9671179883945868,0.0,0.0,0.10200000000000005,0.0986460348162479,0.0003345122248227214
8.4,1.034999999999997,0.9020000000000006,0.8714975845410659,1.0,0.9661835748792298,0.0,0.0,0.10500000000000005,0.10144927536231918,0.00034418340470666723
8.64,1.035999999999997,0.8992000000000006,0.867953667953671,1.0,0.9652509652509681,0.0,0.0,0.10800000000000005,0.10424710424710461,0.0003538452404554595
8.88,1.0369999999999968,0.8964000000000006,0.8644165863066571,1.0,0.9643201542912276,0.0,0.0,0.11100000000000006,0.10703953712632633,0.0003634977501079692
9.12,1.037999999999997,0.8936000000000007,0.8608863198458606,1.0,0.9633911368015443,0.0,0.0,0.11400000000000006,0.10982658959537611,0.00037314095165088147
9.36,1.0389999999999968,0.8908000000000007,0.8573628488931698,1.0,0.9624639076034678,0.0,0.0,0.11700000000000006,0.1126082771896058,0.0003827748630188969
9.6,1.0399999999999967,0.8880000000000008,0.8538461538461574,1.0,0.9615384615384646,0.0,0.0,0.12000000000000006,0.11538461538461581,0.0003923995020949316
9.84,1.0409999999999966,0.8852000000000008,0.8503362151777173,1.0,0.9606147934678225,0.0,0.0,0.12300000000000007,0.11815561959654224,0.00040201488671031625
10.08,1.0419999999999965,0.8824000000000009,0.8468330134357043,1.0,0.959692898272556,0.0,0.0,0.12600000000000006,0.1209213051823421,0.0004116210346449945
10.32,1.0429999999999964,0.8796000000000009,0.8433365292425733,1.0,0.9587727708533111,0.0,0.0,0.12900000000000006,0.12368168744007718,0.00042121796362772003
10.56,1.0439999999999963,0.8768000000000009,0.8398467432950231,1.0,0.9578544061302716,0.0,0.0,0.13200000000000006,0.12643678160919591,0.00043080569133625314
10.8,1.0449999999999962,0.874000000000001,0.8363636363636404,1.0,0.9569377990430658,0.0,0.0,0.13500000000000006,0.12918660287081393,0.0004403842353975559
11.04,1.045999999999996,0.871200000000001,0.8328871892925471,1.0,0.9560229445506728,0.0,0.0,0.13800000000000007,0.13193116634799293,0.0004499536133879865
11.28,1.0469999999999962,0.8684000000000011,0.829417382999049,1.0,0.9551098376313311,0.0,0.0,0.14100000000000007,0.13467048710601776,0.00045951384283349325
11.52,1.047999999999996,0.865600000000001,0.8259541984732865,1.0,0.9541984732824463,0.0,0.0,0.14400000000000007,0.13740458015267235,0.00046906494120980654
11.76,1.048999999999996,0.8628000000000011,0.8224976167778879,1.0,0.9532888465204994,0.0,0.0,0.14700000000000008,0.1401334604385135,0.000478606925942631
12.0,1.0499999999999958,0.8600000000000012,0.8190476190476235,1.0,0.9523809523809562,0.0,0.0,0.15000000000000008,0.1428571428571435,0.000488139814407836
12.0,1.0499999999999958,0.8600000000000012,0.8190476190476235,1.0,0.9523809523809562,0.0,0.0,0.15000000000000008,0.1428571428571435,0.000488139814407836
12.24,1.0519999999999958,0.8574000000000013,0.8150190114068485,1.0,0.950570342205327,0.0,0.0,0.15300000000000008,0.1454372623574151,0.0004976636239316456
12.48,1.0539999999999958,0.8548000000000012,0.8110056925996249,1.0,0.9487666034155635,0.0,0.0,0.15600000000000008,0.148007590132828,0.0005071693273536989
12.72,1.055999999999996,0.8522000000000013,0.80700757575758,1.0,0.9469696969697005,0.0,0.0,0.15900000000000009,0.15056818181818246,0.0005166569933878545
12.96,1.057999999999996,0.8496000000000014,0.8030245746691914,1.0,0.9451795841209865,0.0,0.0,0.1620000000000001,0.1531190926275999,0.0005261266903575515
13.2,1.059999999999996,0.8470000000000014,0.7990566037735892,1.0,0.9433962264150978,0.0,0.0,0.1650000000000001,0.15566037735849123,0.0005355784861987614
13.44,1.061999999999996,0.8444000000000015,0.79510357815443,1.0,0.9416195856873858,0.0,0.0,0.1680000000000001,0.1581920903954809,0.0005450124484629123
13.68,1.063999999999996,0.8418000000000014,0.7911654135338388,1.0,0.9398496240601538,0.0,0.0,0.1710000000000001,0.1607142857142864,0.0005544286443197861
13.92,1.0659999999999963,0.8392000000000015,0.7872420262664207,1.0,0.9380863039399657,0.0,0.0,0.1740000000000001,0.16322701688555413,0.0005638271405603877
14.16,1.0679999999999963,0.8366000000000016,0.7833333333333375,1.0,0.9363295880149846,0.0,0.0,0.1770000000000001,0.16573033707865237,0.0005732080035997873
14.4,1.0699999999999963,0.8340000000000016,0.7794392523364528,1.0,0.9345794392523397,0.0,0.0,0.1800000000000001,0.16822429906542125,0.0005825712994799372
14.64,1.0719999999999963,0.8314000000000017,0.7755597014925416,1.0,0.9328358208955256,0.0,0.0,0.1830000000000001,0.1707089552238813,0.0005919170938724606
14.88,1.0739999999999963,0.8288000000000018,0.7716945996275648,1.0,0.9310986964618282,0.0,0.0,0.1860000000000001,0.17318435754190015,0.0006012454520814158
15.12,1.0759999999999965,0.8262000000000017,0.7678438661710077,1.0,0.9293680297397799,0.0,0.0,0.1890000000000001,0.17565055762081852,0.0006105564390460342
15.36,1.0779999999999965,0.8236000000000018,0.7640074211502824,1.0,0.9276437847866449,0.0,0.0,0.19200000000000012,0.17810760667903594,0.000619850119343432
15.6,1.0799999999999965,0.8210000000000018,0.7601851851851893,1.0,0.9259259259259289,0.0,0.0,0.19500000000000012,0.18055555555555625,0.0006291265571912985
15.84,1.0819999999999965,0.8184000000000019,0.7563770794824441,1.0,0.9242144177449197,0.0,0.0,0.19800000000000012,0.18299445471349424,0.0006383858164505578
16.08,1.0839999999999967,0.815800000000002,0.7525830258302624,1.0,0.9225092250922537,0.0,0.0,0.20100000000000012,0.18542435424354312,0.000647627960628007
16.32,1.0859999999999967,0.813200000000002,0.748802946593006,1.0,0.9208103130755092,0.0,0.0,0.20400000000000013,0.187845303867404,0.0006568530528789295
16.56,1.0879999999999967,0.810600000000002,0.7450367647058864,1.0,0.9191176470588263,0.0,0.0,0.20700000000000013,0.19025735294117715,0.0006660611560096846
16.8,1.0899999999999967,0.808000000000002,0.7412844036697288,1.0,0.9174311926605532,0.0,0.0,0.21000000000000013,0.1926605504587163,0.0006752523324802728
17.04,1.0919999999999968,0.8054000000000021,0.7375457875457917,1.0,0.9157509157509185,0.0,0.0,0.21300000000000013,0.19505494505494575,0.0006844266444068784
17.28,1.093999999999997,0.8028000000000022,0.7338208409506439,1.0,0.9140767824497283,0.0,0.0,0.21600000000000014,0.19744058500914144,0.0006935841535643876
17.52,1.095999999999997,0.8002000000000022,0.730109489051099,1.0,0.9124087591240901,0.0,0.0,0.21900000000000014,0.19981751824817587,0.0007027249213888848
17.76,1.097999999999997,0.7976000000000023,0.7264116575592027,1.0,0.9107468123861592,0.0,0.0,0.22200000000000014,0.20218579234972747,0.0007118490089801257
18.0,1.099999999999997,0.7950000000000023,0.7227272727272768,1.0,0.9090909090909116,0.0,0.0,0.22500000000000014,0.20454545454545525,0.0007209564771039873
18.0,0.999999999999997,0.7227272727272747,0.7227272727272769,0.9090909090909088,0.9090909090909116,0.0,0.0,0.2045454545454546,0.20454545454545522,0.0007209564771039873
18.24,1.0019999999999971,0.7204000000000019,0.7189620758483074,0.9090909090909088,0.9072763563781552,0.0,0.0,0.20727272727272733,0.2068590092542195,0.0007300473861948964
18.48,1.0039999999999971,0.7180727272727292,0.7152118797537164,0.9090909090909088,0.9054690329590751,0.0,0.0,0.21000000000000005,0.20916334661354646,0.000739120149758678
18.72,1.0059999999999971,0.7157454545454565,0.7114765949756049,0.9090909090909088,0.9036688957166118,0.0,0.0,0.21272727272727276,0.21145852159768724,0.0007481748400882688
18.96,1.0079999999999971,0.7134181818181837,0.7077561327561367,0.9090909090909088,0.9018759018759042,0.0,0.0,0.21545454545454548,0.21374458874458938,0.0007572115290454349
19.2,1.0099999999999971,0.711090909090911,0.704050405040508,0.9090909090909088,0.9000900090009024,0.0,0.0,0.2181818181818182,0.21602160216021665,0.0007662302880641939
19.44,1.0119999999999973,0.7087636363636383,0.7003593244700002,0.9090909090909088,0.898311174991019,0.0,0.0,0.22090909090909092,0.21828961552281767,0.000775231188154203
19.68,1.0139999999999973,0.7064363636363655,0.6966828043751158,0.9090909090909088,0.8965393580778217,0.0,0.0,0.22363636363636363,0.2205486820871442,0.0007842142999041131
19.92,1.0159999999999973,0.7041090909090928,0.6930207587687939,0.9090909090909088,0.894774516821763,0.0,0.0,0.22636363636363635,0.22279885468861904,0.0007931796934848913
20.16,1.0179999999999974,0.7017818181818201,0.6893731023397072,0.9090909090909088,0.8930166101089501,0.0,0.0,0.22909090909090907,0.22504018574745546,0.000802127438653109
20.4,1.0199999999999976,0.6994545454545473,0.6857397504456363,0.9090909090909088,0.891265597147952,0.0,0.0,0.23181818181818178,0.2272727272727278,0.0008110576047541984
20.64,1.0219999999999976,0.6971272727272747,0.682120619106924,0.9090909090909088,0.8895214374666448,0.0,0.0,0.2345454545454545,0.22949653086639438,0.000819970260725678
20.88,1.0239999999999976,0.694800000000002,0.6785156250000035,0.9090909090909088,0.8877840909090927,0.0,0.0,0.23727272727272722,0.23171164772727323,0.0008288654751003444
21.12,1.0259999999999976,0.6924727272727292,0.6749246854510047,0.9090909090909088,0.8860535176324669,0.0,0.0,0.23999999999999994,0.23391812865497125,0.0008377433160094354
21.36,1.0279999999999976,0.6901454545454565,0.671347718429434,0.9090909090909088,0.884329678103999,0.0,0.0,0.24272727272727265,0.23611602405376772,0.00084660385118576
21.6,1.0299999999999978,0.6878181818181838,0.6677846425419274,0.9090909090909088,0.8826125330979716,0.0,0.0,0.24545454545454537,0.23830538393645231,0.0008554471479668
21.84,1.0319999999999978,0.685490909090911,0.664235377026078,0.9090909090909088,0.8809020436927429,0.0,0.0,0.2481818181818181,0.2404862579281188,0.0008642732732977797
22.08,1.0339999999999978,0.6831636363636383,0.6606998417443325,0.9090909090909088,0.8791981712678054,0.0,0.0,0.2509090909090908,0.24265869526991424,0.0008730822937347072
22.32,1.0359999999999978,0.6808363636363656,0.6571779571779605,0.9090909090909088,0.8775008775008791,0.0,0.0,0.25363636363636355,0.24482274482274524,0.0008818742754473852
22.56,1.0379999999999978,0.6785090909090928,0.6536696444210928,0.9090909090909088,0.8758101243650392,0.0,0.0,0.2563636363636363,0.24697845507094107,0.000890649284222394
22.8,1.039999999999998,0.6761818181818201,0.6501748251748283,0.9090909090909088,0.8741258741258755,0.0,0.0,0.25909090909090904,0.24912587412587456,0.0008994073854660444
23.04,1.041999999999998,0.6738545454545474,0.6466934217414094,0.9090909090909088,0.8724480893386858,0.0,0.0,0.2618181818181818,0.25126504972954156,0.0009081486442073031
23.28,1.043999999999998,0.6715272727272746,0.6432253570184635,0.9090909090909088,0.8707767328456998,0.0,0.0,0.26454545454545453,0.2533960292580987,0.0009168731251006899
23.52,1.045999999999998,0.6692000000000019,0.6397705544933109,0.9090909090909088,0.869111767773337,0.0,0.0,0.2672727272727273,0.25551885972536115,0.0009255808924291469
23.76,1.047999999999998,0.6668727272727293,0.6363289382373383,0.9090909090909088,0.8674531575294948,0.0,0.0,0.27,0.25763358778626005,0.0009342720101068803
24.0,1.0499999999999983,0.6645454545454565,0.6329004329004358,0.9090909090909088,0.865800865800867,0.0,0.0,0.27272727272727276,0.2597402597402602,0.0009429465416821752
24.0,1.1499999999999981,0.6945454545454565,0.6039525691699631,0.9090909090909088,0.790513833992096,0.0,0.0,0.27272727272727276,0.23715415019762887,0.0009429465416821752
24.24,1.1499999999999981,0.6918181818181838,0.6015810276679868,0.9090909090909088,0.790513833992096,0.0,0.0,0.2754545454545455,0.23952569169960516,0.0009508516800220962
24.48,1.1499999999999981,0.689090909090911,0.5992094861660106,0.9090909090909088,0.790513833992096,0.0,0.0,0.27818181818181825,0.2418972332015815,0.0009587568183620172
24.72,1.1499999999999981,0.6863636363636383,0.5968379446640343,0.9090909090909088,0.790513833992096,0.0,0.0,0.280909090909091,0.2442687747035578,0.0009666619567019382
24.96,1.1499999999999981,0.6836363636363655,0.5944664031620579,0.9090909090909088,0.790513833992096,0.0,0.0,0.28363636363636374,0.2466403162055341,0.0009745670950418592
25.2,1.1499999999999981,0.6809090909090928,0.5920948616600816,0.9090909090909088,0.790513833992096,0.0,0.0,0.2863636363636365,0.2490118577075104,0.0009824722333817801
25.44,1.1499999999999981,0.6781818181818201,0.5897233201581054,0.9090909090909088,0.790513833992096,0.0,0.0,0.28909090909090923,0.2513833992094867,0.0009903773717217011
25.68,1.1499999999999981,0.6754545454545473,0.5873517786561291,0.9090909090909088,0.790513833992096,0.0,0.0,0.291818181818182,0.253754940711463,0.0009982825100616221
25.92,1.1499999999999981,0.6727272727272746,0.5849802371541528,0.9090909090909088,0.790513833992096,0.0,0.0,0.2945454545454547,0.2561264822134393,0.0010061876484015431
26.16,1.1499999999999981,0.6700000000000018,0.5826086956521764,0.9090909090909088,0.790513833992096,0.0,0.0,0.29727272727272747,0.2584980237154156,0.0010140927867414642
26.4,1.1499999999999981,0.6672727272727291,0.5802371541502002,0.9090909090909088,0.790513833992096,0.0,0.0,0.3000000000000002,0.2608695652173919,0.0010219979250813852
26.64,1.1499999999999981,0.6645454545454564,0.5778656126482239,0.9090909090909088,0.790513833992096,0.0,0.0,0.30272727272727296,0.26324110671936823,0.0010299030634213062
26.88,1.1499999999999981,0.6618181818181836,0.5754940711462476,0.9090909090909088,0.790513833992096,0.0,0.0,0.3054545454545457,0.2656126482213445,0.0010378082017612272
27.12,1.1499999999999981,0.659090909090911,0.5731225296442714,0.9090909090909088,0.790513833992096,0.0,0.0,0.30818181818181845,0.26798418972332083,0.0010457133401011482
27.36,1.1499999999999981,0.6563636363636381,0.570750988142295,0.9090909090909088,0.790513833992096,0.0,0.0,0.3109090909090912,0.2703557312252971,0.0010536184784410692
27.6,1.1499999999999981,0.6536363636363655,0.5683794466403187,0.9090909090909088,0.790513833992096,0.0,0.0,0.31363636363636394,0.27272727272727343,0.0010615236167809902
27.84,1.1499999999999981,0.6509090909090928,0.5660079051383424,0.9090909090909088,0.790513833992096,0.0,0.0,0.3163636363636367,0.27509881422924976,0.0010694287551209112
28.08,1.1499999999999981,0.64818181818182,0.5636363636363662,0.9090909090909088,0.790513833992096,0.0,0.0,0.3190909090909094,0.277470355731226,0.0010773338934608322
28.32,1.1499999999999981,0.6454545454545473,0.5612648221343899,0.9090909090909088,0.790513833992096,0.0,0.0,0.32181818181818217,0.27984189723320235,0.0010852390318007532
28.56,1.1499999999999981,0.6427272727272745,0.5588932806324135,0.9090909090909088,0.790513833992096,0.0,0.0,0.3245454545454549,0.2822134387351786,0.0010931441701406742
28.8,1.1499999999999981,0.6400000000000018,0.5565217391304372,0.9090909090909088,0.790513833992096,0.0,0.0,0.32727272727272766,0.28458498023715495,0.0011010493084805952
29.04,1.1499999999999981,0.6372727272727291,0.554150197628461,0.9090909090909088,0.790513833992096,0.0,0.0,0.3300000000000004,0.2869565217391313,0.0011089544468205162
29.28,1.1499999999999981,0.6345454545454563,0.5517786561264846,0.9090909090909088,0.790513833992096,0.0,0.0,0.33272727272727315,0.28932806324110755,0.0011168595851604372
29.52,1.1499999999999981,0.6318181818181836,0.5494071146245084,0.9090909090909088,0.790513833992096,0.0,0.0,0.3354545454545459,0.2916996047430839,0.0011247647235003583
29.76,1.1499999999999981,0.6290909090909108,0.547035573122532,0.9090909090909088,0.790513833992096,0.0,0.0,0.33818181818181864,0.29407114624506014,0.0011326698618402793
30.0,1.1499999999999981,0.6263636363636381,0.5446640316205558,0.9090909090909088,0.790513833992096,0.0,0.0,0.3409090909090914,0.29644268774703647,0.0011405750001802003
30.24,1.1499999999999981,0.6236363636363654,0.5422924901185795,0.9090909090909088,0.790513833992096,0.0,0.0,0.34363636363636413,0.2988142292490128,0.0011484801385201213
30.48,1.1499999999999981,0.6209090909090926,0.5399209486166031,0.9090909090909088,0.790513833992096,0.0,0.0,0.3463636363636369,0.30118577075098907,0.0011563852768600423
30.72,1.1499999999999981,0.6181818181818199,0.537549407114627,0.9090909090909088,0.790513833992096,0.0,0.0,0.3490909090909096,0.3035573122529654,0.0011642904151999633
30.96,1.1499999999999981,0.6154545454545471,0.5351778656126506,0.9090909090909088,0.790513833992096,0.0,0.0,0.35181818181818236,0.30592885375494167,0.0011721955535398843
31.2,1.1499999999999981,0.6127272727272745,0.5328063241106743,0.9090909090909088,0.790513833992096,0.0,0.0,0.3545454545454551,0.308300395256918,0.0011801006918798053
31.44,1.1499999999999981,0.6100000000000018,0.530434782608698,0.9090909090909088,0.790513833992096,0.0,0.0,0.35727272727272785,0.31067193675889426,0.0011880058302197263
31.68,1.1499999999999981,0.607272727272729,0.5280632411067216,0.9090909090909088,0.790513833992096,0.0,0.0,0.3600000000000006,0.3130434782608706,0.0011959109685596473
31.92,1.1499999999999981,0.6045454545454563,0.5256916996047455,0.9090909090909088,0.790513833992096,0.0,0.0,0.36272727272727334,0.3154150197628469,0.0012038161068995683
32.16,1.1499999999999981,0.6018181818181835,0.5233201581027691,0.9090909090909088,0.790513833992096,0.0,0.0,0.3654545454545461,0.3177865612648232,0.0012117212452394893
32.4,1.1499999999999981,0.5990909090909108,0.5209486166007928,0.9090909090909088,0.790513833992096,0.0,0.0,0.36818181818181883,0.3201581027667995,0.0012196263835794103
32.64,1.1499999999999981,0.596363636363638,0.5185770750988165,0.9090909090909088,0.790513833992096,0.0,0.0,0.3709090909090916,0.3225296442687758,0.0012275315219193313
32.88,1.1499999999999981,0.5936363636363653,0.5162055335968402,0.9090909090909088,0.790513833992096,0.0,0.0,0.3736363636363643,0.3249011857707521,0.0012354366602592523
33.12,1.1499999999999981,0.5909090909090926,0.513833992094864,0.9090909090909088,0.790513833992096,0.0,0.0,0.37636363636363707,0.32727272727272844,0.0012433417985991734
33.36,1.1499999999999981,0.5881818181818198,0.5114624505928876,0.9090909090909088,0.790513833992096,0.0,0.0,0.3790909090909098,0.3296442687747047,0.0012512469369390944
33.6,1.1499999999999981,0.5854545454545471,0.5090909090909114,0.9090909090909088,0.790513833992096,0.0,0.0,0.38181818181818256,0.33201581027668103,0.0012591520752790154
33.84,1.1499999999999981,0.5827272727272743,0.506719367588935,0.9090909090909088,0.790513833992096,0.0,0.0,0.3845454545454553,0.3343873517786573,0.0012670572136189364
34.08,1.1499999999999981,0.5800000000000016,0.5043478260869587,0.9090909090909088,0.790513833992096,0.0,0.0,0.38727272727272805,0.33675889328063363,0.0012749623519588574
34.32,1.1499999999999981,0.5772727272727289,0.5019762845849824,0.9090909090909088,0.790513833992096,0.0,0.0,0.3900000000000008,0.33913043478260996,0.0012828674902987784
34.56,1.1499999999999981,0.5745454545454561,0.4996047430830061,0.9090909090909088,0.790513833992096,0.0,0.0,0.39272727272727354,0.34150197628458623,0.0012907726286386994
34.8,1.1499999999999981,0.5718181818181834,0.4972332015810299,0.9090909090909088,0.790513833992096,0.0,0.0,0.3954545454545463,0.34387351778656255,0.0012986777669786204
35.04,1.1499999999999981,0.5690909090909106,0.4948616600790535,0.9090909090909088,0.790513833992096,0.0,0.0,0.398181818181819,0.3462450592885388,0.0013065829053185414
35.28,1.1499999999999981,0.566363636363638,0.4924901185770773,0.9090909090909088,0.790513833992096,0.0,0.0,0.40090909090909177,0.34861660079051515,0.0013144880436584624
35.52,1.1499999999999981,0.5636363636363653,0.49011857707510104,0.9090909090909088,0.790513833992096,0.0,0.0,0.4036363636363645,0.3509881422924915,0.0013223931819983834
35.76,1.1499999999999981,0.5609090909090925,0.48774703557312465,0.9090909090909088,0.790513833992096,0.0,0.0,0.40636363636363726,0.35335968379446775,0.0013302983203383044
36.0,1.1499999999999981,0.5581818181818198,0.48537549407114844,0.9090909090909088,0.790513833992096,0.0,0.0,0.40909090909091,0.3557312252964441,0.0013382034586782254
