time_day,GLC,LAC,GLN,GLU,ASN,ASP,ALA,TRP,NH3,PHE,TYR,SER,GLY,MET,THR,ILE,VAL,ARG,HIS,LEU,LYS,liquid_volume_l,viable_cells_million,dead_cells_million,product_g,ivcd_million_cell_day_per_ml
0.0,29.999999999999996,0.0,5.999999999999999,3.0,5.799999999999998,1.9999999999999998,0.0,0.08,3.0,0.4000000000000001,0.40000000000000013,5.999999999999999,0.9999999999999999,1.5,0.6999999999999997,0.8000000000000002,0.8000000000000002,1.0000000000000002,0.3,1.0,0.9999999999999999,0.75,300.00000000000006,0.0,0.0,0.0
0.1,29.97727698712676,0.047172236910356484,5.874997505223068,3.0023077114745487,5.793911625170586,2.001053858463126,0.01587190970479082,0.07974704061614746,3.1118917721196175,0.39934517973431183,0.39950194226322777,5.995680963099841,1.0035368536889273,1.499586080679202,0.6990966192724579,0.7991179265543924,0.7988048642606412,0.9993042889154138,0.2996512053998886,0.9989471154288319,0.9991712835578966,0.7499875679794105,329.93514967881197,0.29991228964072475,0.0003357713458954156,0.04199567664525413
0.2,29.952232466388278,0.09904537755391146,5.751988719342723,3.004837198571753,5.787205224300537,2.0022079864976607,0.03332414520824917,0.07946881215098472,3.2204739210540474,0.3986245419762602,0.3989536592632321,5.990921783768163,1.0074226659256078,1.4991282811113888,0.698102237854601,0.7981466815620614,0.7974894709334219,0.9985376202428303,0.2992672252889711,0.9977872940516547,0.9982582546773477,0.7499752975187594,362.84028335072605,0.6297512649482011,0.0007050381336758983,0.08818147109088666
0.3,29.924637651963153,0.1560846234648256,5.630884883357458,3.0076101457765763,5.779819780734801,2.003472234826484,0.052512853246711066,0.07916283187357295,3.325706584677964,0.3978316196372964,0.3983502217360612,5.985679374964342,1.0116917334005509,1.498622342719787,0.6970079320119923,0.7970775085401033,0.7960420060857907,0.9976930494271522,0.2988446112055056,0.9965099689588969,0.9972526311237344,0.7499631767844113,399.00724332966485,0.9924861321936767,0.0011111220830847353,0.13897297910461123
0.4,29.89424133137303,0.2188006803077979,5.5115943247140295,3.010650297957738,5.771688293283253,2.0048573934416916,0.07360940747326902,0.07882637685748263,3.4275404609509326,0.3969593185043588,0.3976862227480423,5.979906475558275,1.0163816573289173,1.4980635944164318,0.6958039147355887,0.7959008009503835,0.7944495100764566,0.9967629592318681,0.29837958121092595,0.9951035355033431,0.9961453243463227,0.7499511933411939,438.7560432272007,1.3913778770731553,0.0015576710390212023,0.1948266071553184
0.5,29.860767716054305,0.2877541093932533,5.394022087407361,3.013983647439332,5.762737201761454,2.0063752775758226,0.09680185610153322,0.07845646154617286,3.5259160422495945,0.39599985841509777,0.3969557329677913,5.973551260136069,1.0215336500063459,1.4974469141560345,0.6944794551874452,0.7946060223262108,0.7926977700841935,0.9957389968715586,0.29786798880026016,0.9935552515026274,0.9949263633092786,0.7499393340849752,482.4374908558606,1.8300074329532832,0.0020486904107401413,0.2562435061657024
0.6,29.823914094944772,0.3635600769662891,5.278069534183482,3.017638636125057,5.752885759631324,2.0080388207194866,0.12229649918630267,0.07804981337612954,3.6207627840172134,0.3949447092885586,0.396152252041829,5.966556914902981,1.0271928672672812,1.4967666872023346,0.6930227911864136,0.7931816193851479,0.7907712032332467,0.9946120056904864,0.29730528913236415,0.991851128214768,0.9935848115489632,0.7499275851694857,530.4360343023036,2.3123064724349978,0.002588577516976365,0.32377387023135074
0.7,29.783348274985805,0.44689353242182067,5.163633919389876,3.021646373516785,5.7420453494429,2.009862175119766,0.15031960596336202,0.07760284633407727,3.711998203626094,0.3937845216704214,0.39526865581975373,5.958861177535652,1.0334087685381617,1.4960167608793666,0.6914210342949231,0.791614927655709,0.7886527296949855,0.9933719510382,0.29668650241211014,0.9899758113447622,0.9921086769812979,0.7499159319269817,583.1728466156292,2.8425910456122505,0.0031821590922994024,0.3980216311445764
0.8,29.73870579153083,0.5384948491463345,5.050607931154982,3.0260408713503897,5.730118736459853,2.0118608201414006,0.18111928269786107,0.0771116323173328,3.7995269057392758,0.39250905142980735,0.3942971391588621,5.9503958386735105,1.0402355060953388,1.495190395590181,0.6896600670422627,0.789892069114202,0.7863236351021388,0.9920078399713808,0.29600617424738335,0.9879124512756239,0.9904848139468708,0.7499043587823223,641.1091636155911,3.425598303910178,0.00383473221680267,0.47964958156598625
0.9,29.68958687083571,0.6391759631537351,4.938879201800642,3.030859295461188,5.716999255616486,2.014051678833503,0.2149675017943449,0.07657187016924619,3.8832395307725376,0.3911070782475648,0.39322915404170655,5.941086202781736,1.0477323450562657,1.4942802118921188,0.6877244318314422,0.7879978413293535,0.7837634216171606,0.99050763441833,0.29525833280874925,0.9856425616771207,0.9886988169752322,0.7498928491600272,704.7498888024542,4.066526562968519,0.004552108946414513,0.569384961595209
1.0,29.63555312610038,0.749827045886632,4.828329785714624,3.0361422353290517,5.702569926744067,2.016453242984003,0.25216230309478027,0.07597885226835227,3.9630116235554174,0.3895663175477729,0.3920553427507763,5.930850506225166,1.0559641154899504,1.4932781334311356,0.6855972111022975,0.7859155976252845,0.7809496470177666,0.988858157460108,0.29443644263014973,0.9831458656104459,0.9867349057529446,0.7498813853838939,774.6474783419534,4.771078972116789,0.0053406649354855555,0.6680255453000353
1.1,29.576123967986003,0.8714237483764316,4.7188356043636235,3.04193399152475,5.686702492832717,2.0190857068562296,0.29303017828442496,0.07532742856151929,4.038702420024183,0.38787332554785425,0.39076546586454963,5.919599290584424,1.0650016978106855,1.4921753255600558,0.6832598983673783,0.7836271178017051,0.7778577512057513,0.9870449924136915,0.29353335490667426,0.9804001282198548,0.984575800795661,0.7498699485687671,851.4061174574118,5.5455110710870965,0.006207392356261275,0.7764462653961159
1.2,29.51077271021703,1.0050350542432989,4.610265858746792,3.0482828809658704,5.669256375978953,2.0219711096789306,0.3379286490759992,0.07461196794953535,4.110153550817572,0.3860133971418165,0.389348324871455,5.90723472954786,1.0749225422945852,1.490962129499707,0.6806922598047621,0.781112468998652,0.77446086961652,0.9850523744517734,0.2925412541724694,0.9773809750864466,0.9822025893569734,0.749858518504088,935.6861970997709,6.3966825261034845,0.007159957430616064,0.8956064156307068
1.3,29.4389223508798,1.151831778575264,4.502482410421915,3.055241559469473,5.6500775456302526,2.0251334867929316,0.38724904927001746,0.07382631696012273,4.177187662072355,0.383970456390408,0.3877916792464496,5.893649908158686,1.0858112231025259,1.4896279919509259,0.6778721861902549,0.778349856367887,0.7707296331148761,0.9828630745662571,0.29145160128091824,0.9740616953194026,0.9795945811612989,0.7498470735289082,1028.2090962492653,7.332113346561102,0.008206762897005608,1.0265574713889891
1.4,29.359941010462414,1.3130957483051162,4.395339133338953,3.062867360530103,5.628997293805151,2.0285990291318816,0.44141951979117,0.07296375568072183,4.239606955637265,0.38172693947729985,0.3860821579035807,5.878728053826832,1.097760026569131,1.4881613901338404,0.6747755350891872,0.7753154633219814,0.7666319541182557,0.9804582757847892,0.2902550726637622,0.9704130284821704,0.9767291536314452,0.7498355903981275,1129.762270331952,8.360044889127147,0.00935701573870371,1.1704515694499067
1.5,29.27313700868527,1.4902296969863043,4.288681240162899,3.071222648518715,5.605830912176089,2.032396250415275,0.5009082242475227,0.0720169509745924,4.297191653475333,0.3792636701092591,0.38420516503289415,5.862341719382446,1.1108695726793498,1.4865497523238895,0.6713759634163508,0.7719832812850402,0.7621327989055247,0.977817441690277,0.28894149592019297,0.9664029345031432,0.9735815864023408,0.7498240441398363,1241.2046396339367,9.489505956915034,0.010620800496384484,1.3285506874650317
1.6,29.177753563932605,1.6847679024496116,4.182344588653657,3.080375183543421,5.580376266298734,2.0365561610388996,0.566226790286163,0.070977907072707,4.349698394376768,0.37655972750023414,0.3821447804588287,5.844351919618795,1.1252494675438152,1.4847793740786879,0.6676447507255666,0.7683249290785936,0.7571939463650471,0.9749181774829936,0.2874997818866088,0.9619963458126681,0.9701248850818273,0.7498124079037972,1363.4722627897886,10.730384295703862,0.012009158476892622,1.5022365623566332
1.7,29.07296310184131,1.8983875891845203,4.0761549761149105,3.0903984939768177,5.552412262914114,2.0411124471353297,0.6379339788161634,0.06983791372547246,4.396858575473073,0.3735923072964394,0.3798836548292393,5.824607224331362,1.1410189832278517,1.4828353305146702,0.663550613925841,0.7643094623585079,0.7517737338322055,0.9717360840772296,0.2859178534696798,0.9571549010940952,0.9663295944514981,0.749800652801319,1497.5842688058672,12.09350377481421,0.01353417314794037,1.6930213840958552
1.8,28.957861163632067,2.1329211077744157,3.969927433080198,3.101372251060879,5.521697207213172,2.0461016526118865,0.7166395787706391,0.0685874922187632,4.438376656702435,0.37033657608743015,0.3774029001714845,5.802942812915038,1.1583077593935605,1.4807013852085578,0.6590595145617346,0.7599031738943655,0.7458267911922147,0.9682446060568783,0.2841825716984644,0.9518366602537027,0.96216360161356,0.7497887477370615,1644.6490058876666,13.59070751444644,0.015209061972075513,1.9025592968033118
1.9,28.83145991045219,2.3903688904823035,3.863465531469931,3.11338263795136,5.487967048332356,2.051563361113435,0.8030085191442143,0.06721633971606364,4.4739284536753585,0.36676552052662903,0.3746819766499998,5.77917949826998,1.1772565187613013,1.478359896580063,0.6541344603704771,0.755069385978031,0.7393037651151928,0.964414874749038,0.28227965967687224,0.9459958005258055,0.9575919300069455,0.749776659233698,1805.870345596853,15.234947180513304,0.017048274878248254,2.1326587322708708
2.0,28.692681227820767,2.6729131640578294,3.756560727682528,3.1265227029343,5.450933513264723,2.057540373747597,0.8977651821359722,0.06571327259292056,4.503159453774015,0.3628497925792985,0.37169857674825507,5.753122731265922,1.198017785235243,1.4757917229769397,0.6487353035745795,0.7497682368969435,0.7321510361936322,0.96021554824013,0.2801936254102424,0.9395822940657045,0.9525765257677323,0.7497643512508585,1982.5540553215917,17.040378607778447,0.019067599490148544,2.3852955911449767
2.1,28.540349444835332,2.9829323766371303,3.6489917678065735,3.1408926831760073,5.410282131978841,2.064078876979684,1.0016978907941805,0.06406616969453151,4.525683202359978,0.35855755305942794,0.3684285086024071,5.724561601551491,1.2207565894744612,1.4729761281544806,0.6428185393339365,0.7439564642538482,0.7243104329277404,0.9556126508917581,0.2779076848577494,0.9325415679848996,0.9470760386345553,0.7497517850004418,2176.1141191043644,19.02246382674702,0.02128427312015518,2.6626272732586904
2.2,28.37318369690043,3.3230162634585754,3.540524190790381,3.156600281045503,5.3656701600362835,2.071228593261379,1.1156635308820013,0.06226191678911296,4.541079821398173,0.35385431645202886,0.36484558086730445,5.693267856363602,1.2456511414786775,1.4698906894486803,0.6363371090271666,0.7375871890150679,0.7157189480295084,0.9505694158608553,0.27540368704973045,0.9248141486041727,0.9410456005504735,0.7497389187612404,2388.0788444759887,21.198079451988498,0.023717101387249938,2.96700753982769
2.3,28.189789979380592,3.6959814337248003,3.430909976547213,3.1737608695017805,5.316724409643441,2.0790429045796635,1.2405922488386578,0.06028635393071693,4.548894742580689,0.34870280109942053,0.36092149234064486,5.65899496657429,1.2728934430767616,1.4665112117239618,0.6292402146380461,0.7306097055981862,0.7063084644933217,0.9450461353520482,0.272662043736849,0.9163352928134543,0.9344366063559559,0.7497257076969449,2620.096538428796,23.585631230128392,0.0263865831151028,3.3010021649953125
2.4,27.98865296406421,4.10488730532489,3.31988740035902,3.192497595908772,5.2630390061948695,2.0875789360403836,1.377492144499036,0.0581242280141462,4.548637762387771,0.34306279023203917,0.35662573066417336,5.621477279008072,1.3026898046426276,1.462811651182893,0.6214731525934184,0.7229692851646626,0.6960055014425757,0.9390000249098794,0.2696616668467397,0.9070346109311538,0.9271965025923247,0.7497121036830511,2873.9404655587405,26.205174332782796,0.029315040897957938,3.6674053006743907
2.5,27.768127682339337,4.553052141399275,3.2071811735703424,3.2129413444542645,5.2041730953920755,2.0968975826205227,1.527453847091956,0.055759153539334846,4.5397825590697325,0.3368910111422157,0.3519254858358227,5.580429306729949,1.3352612193774256,1.4587640544223974,0.6129771780706219,0.7146070016923098,0.6847309930838787,0.9323851101002343,0.26637991806646427,0.896835687484297,0.9192685925596956,0.7496980551500945,3151.5127111749043,29.07853869798779,0.03252675636790607,4.069256434405117
2.6,27.52643122072709,5.044068847770069,3.0925029747861474,3.2352305054722947,5.13964853651252,2.1070634570474587,1.6916548239094407,0.05317358555303482,4.521766853396167,0.3301410421611337,0.3467855861018904,5.535545225414774,1.3708435343806546,1.4543385197956284,0.6036894142460855,0.7054595935386995,0.6724001184169832,0.9251521465740404,0.2627925762158709,0.8856557090697963,0.9105918685575505,0.7496835069531173,3454.846455826042,32.22945835359692,0.03604810873296517,4.509857761940795
2.7,27.261634628781863,5.5818200662992865,2.9755525074391396,3.2595104845496543,5.068947631093296,2.1181447300019287,1.8713632202100332,0.05034880996867528,4.493993449010759,0.32276326017652546,0.3411684661853569,5.4864986652303935,1.409687339549458,1.4495031903065287,0.5935428254334337,0.695459377300823,0.658922204973746,0.9172485879392877,0.25887382982120904,0.8734051121650943,0.9011008858956933,0.749668400280523,3786.1060172633643,35.68370317228563,0.039907714549018064,4.992791720466725
2.8,26.971655310165726,6.17049193723113,2.856019261201361,3.28593286417637,4.991510954153951,2.1302128249581664,2.0679409627675,0.047264958070868765,4.4558324581050455,0.3147048454544525,0.3350341809233832,5.432942915475815,1.4520574718462107,1.4442242900807931,0.5824662788839152,0.6845342361432443,0.6442007372193508,0.9086186203423708,0.2545963045657276,0.8599872687981736,0.890725698095078,0.7496526726197447,4147.583820660907,39.46921087716009,0.04413656589804076,5.5219383294844935
2.9,26.65425026002585,6.814585691320259,2.733585209805124,3.3146541042817996,4.906735378410356,2.1433419182240967,2.2828457731297016,0.04390105411186767,4.406625108934856,0.3059098658220818,0.3283404814774606,5.374511695663814,1.4982320019791373,1.4384662201334346,0.5703847276357975,0.6726077118391326,0.6281335099280947,0.8992032885214511,0.24993113825512409,0.8452982348842233,0.8793918791133346,0.7496362578028042,4541.693203466215,43.61621629624902,0.048768163114749075,6.101491857504442
3.0,26.307011156017694,7.519205763430039,2.6075010915028365,3.345837569172024,4.81399635722266,2.1576084515834073,2.5177342573484043,0.040235309159846654,4.345710782271229,0.29632070839928176,0.32104371151563865,5.310827293746071,1.548505529647263,1.4321919220429917,0.5572201845371584,0.6596012801820993,0.6106154730165868,0.8889417171728817,0.244848294516104,0.829234981381171,0.8670238356600138,0.7496190709946061,4970.955867533293,48.157373796222025,0.05383863720666914,6.735976180533402
3.1,25.09945128466954,8.02367484262045,2.397465905082538,3.2711719356195403,4.562226718786814,2.103445696007694,2.6848269732883603,0.035125348762236434,4.137979510994779,0.2768320758394167,0.3031639471803802,5.074631037431136,1.5513293140007878,1.3798750915797156,0.5256817876815856,0.6249231248330968,0.5727988776763193,0.8498226007866005,0.2317234410513885,0.7858064394804434,0.8263598903368449,0.7743510666805812,5432.922163182093,53.12786767434499,0.059384156567944164,7.407741003045784
3.2,24.699122818825874,8.836912270228838,2.266019476314645,3.3060573961687942,4.455381138679977,2.119457576556792,2.9548343261030667,0.030972628549359133,4.0568030963160595,0.2659465845049006,0.2948871454619683,5.002454644471924,1.6080874514488037,1.3727721265169437,0.5107744465973536,0.6101453511844378,0.5529136357725437,0.8381936684960597,0.22597009628574494,0.7673524073102476,0.812271551610476,0.7743321380482504,5934.318235110961,58.560438516031354,0.0654431707473669,8.141725941364596
3.3,24.262475117087746,9.724231870182756,2.1292721568829833,3.3436881484963705,4.338872441055512,2.136749251475636,3.2490609696826143,0.026469481517066053,3.9626603312368562,0.2541345990401238,0.2859081525720876,4.924177397705948,1.6695672918293902,1.365071598893071,0.49461132116570805,0.5941052228083555,0.5313362766003414,0.8255820564617831,0.21973294339189414,0.7472506190094633,0.796967275760739,0.7743122015212868,6477.678784838185,64.49456967968352,0.07205906461413222,8.943190610726914
3.4,23.78662849732138,10.691571499109834,1.986647051102546,3.384178690696229,4.2119396606999135,2.155379369168061,3.5693550500685713,0.021594610395119635,3.854963176583157,0.24133787257330977,0.27618340733304647,4.839426982472967,1.7360393169809996,1.356737935088059,0.4771167163091974,0.5767223050989946,0.5079605126437732,0.8119278520512514,0.2129830375692555,0.7253785478441958,0.7803665819214448,0.7742911711307024,7065.470693093372,70.97229739814266,0.07927788892777068,9.817718317466095
3.5,23.268580503580015,11.745131338091458,1.8375481824822073,3.427615272782255,4.073790346042755,2.175395088361142,3.917618400093102,0.01632781008131803,3.7331907844238823,0.22750041922788264,0.26567125080263565,4.747849610499515,1.8077539896276646,1.3477376558132352,0.4582190485649808,0.55791889850512,0.4826842106955428,0.7971741369888844,0.20569308783630877,0.7016116167203968,0.7623906679074992,0.7742689598356748,7700.003108087818,78.03814908919087,0.08714824008784093,10.771201603322181
3.6,22.705234595364683,12.891313216972566,1.6813747980453433,3.4740411091547814,3.9236082084579356,2.1968256186137376,4.29577720278916,0.010650951078790083,3.5969291357511857,0.21257094756501466,0.25433382101227103,4.649127023857378,1.8849271073140539,1.3380411134420402,0.4378544214222587,0.5376232628976978,0.45541384044762173,0.781269725216304,0.19783885289686193,0.6758259335517728,0.7429652704121648,0.7742454815285414,8383.302477554604,85.73899397612178,0.09572102533726597,11.809813921518161
3.7,22.093443949161312,14.136624892142013,1.5175466977552214,3.523435341269592,3.760564599461456,2.2196729519762,4.705738149500282,0.004549359163330883,3.445924286480803,0.1965062960807525,0.24213972109353243,4.543000369755524,1.9677194449573097,1.3276249208289772,0.4159716336264171,0.5157741826059656,0.42607075303401143,0.7641730055702332,0.18940109407937172,0.6479023861022986,0.7220247544392163,0.7742206540620984,9116.938119656219,94.12377183468894,0.105049068363923,12.939961982741668
3.8,21.430321436452736,15.486179216804707,1.3447825745929727,3.5756341659370605,3.5839187105607726,2.2438904913126225,5.148961313510647,1.0178760696945543e-16,3.2801423886963725,0.17926307432461747,0.2290606797360042,4.429355883591623,2.056133856627218,1.316478706806592,0.39254504748268665,0.49230922511540304,0.39458066982642276,0.7458556665574604,0.18037048142380557,0.6175949334289069,0.6994739703059855,0.7741945246724008,9894.674420987098,103.2430516389856,0.11518270432437262,14.167752305881152
3.9,20.93579166991486,16.503446364035796,1.1678464275379206,3.6277301088523,3.4019018627512225,2.2682627434987404,5.606667368391995,2.7203176977608323e-24,3.1141799551813363,0.161606732960106,0.21569639549822792,4.3113529989226285,2.146742257262896,1.3050807422511443,0.36849310062510804,0.46819040221837704,0.36228707535024585,0.7271886605532966,0.17113991536044248,0.587050075822461,0.6767964646562838,0.7741687850652869,9884.776227066643,113.14124555944034,0.11518270432724412,15.445173549361488
4.0,20.44354000056709,17.518192645479193,0.995435272107258,3.677798030390816,3.2207106261107215,2.2917576111241695,6.061682702610594,0.0,2.95006816671334,0.1442699372498808,0.20258188920065348,4.195706961576506,2.2353286437022204,1.2939173542420872,0.34492612688598406,0.4444939075446326,0.3305800527747536,0.7088850320273034,0.1620977142098546,0.5567678901966017,0.6544610709359797,0.774143764124172,9874.88678258237,123.03069004371173,0.11518270432911101,16.72135927209007
4.1,19.337639431059493,17.961088204282266,0.802197102717419,3.608817678088987,2.94755854662063,2.242187317714254,6.311009123154258,0.0,2.7059003799063834,0.12351232245915596,0.18397841380372998,3.9575833825340525,2.248624771430274,1.2434115357976767,0.3121964345796062,0.4084480588546208,0.2903221457125787,0.669730087276615,0.1487205437494885,0.5108597202996177,0.6131166544685807,0.7988703839719106,9865.00592559662,132.91154703372362,0.11518270432929238,17.956810942552153
4.2,18.865524057878464,18.94576674198833,0.6431799436736049,3.6537328719717377,2.774347376472643,2.263595318050318,6.747713850876237,0.0,2.5500402526437216,0.10723954170834982,0.171662537794075,3.8495445163131237,2.3310933887471177,1.233001019978762,0.2901733200832689,0.3861936097204732,0.2603338947387457,0.6525525695529388,0.14037302961415013,0.4822272112423306,0.5920672691140496,0.7988473602971371,9855.13352277883,142.78394985581207,0.11518270432947413,19.19106244592675
4.3,18.39835235858652,19.916801563930225,0.49470644008609505,3.693253697684532,2.601947432264014,2.282405465565647,7.1768531855072055,0.0,2.403841528450234,0.09182946544653155,0.16003752358458043,3.7476405237423283,2.4082987536071063,1.2231911320319533,0.26942483149777285,0.36507343092656375,0.23215812576494277,0.6363851677497931,0.13242129345867376,0.45415069856633655,0.5719428349078902,0.7988253255908438,9845.269382014383,152.6480906226639,0.1151827043300446,20.424114207997135
4.4,17.935048804780983,20.881876756179484,0.3555014301738482,3.7289059204788018,2.4306494459283003,2.2994790406580172,7.601233302007916,0.0,2.2618842290462107,0.07695147233827535,0.14882642479153133,3.649604927073988,2.482258008124883,1.2137632538312013,0.24946806193118215,0.34465707972219245,0.20495318152212474,0.6210786646374339,0.12477692711014784,0.4265968387395236,0.5524103850732852,0.7988045356149766,9835.413287877871,162.50418475923553,0.11518270433004571,21.65596565532923
4.5,17.476204636847253,21.834209575191476,0.23011894502985336,3.7598646137540253,2.259817707341059,2.314284901488501,8.01941245948466,0.0,2.125233739714426,0.0627437212001924,0.13814690439295454,3.556284765345422,2.5522590635954416,1.2047924614892704,0.23048647175505005,0.32512900885021684,0.17915594942184,0.606478754472514,0.11743642438269296,0.39959914688381204,0.5336294477382685,0.7987849605012147,9825.564998680553,172.35247395655284,0.1151827043304958,22.88661579625651
4.6,17.01779201757099,22.785627951799704,0.10735661531191909,3.7907925952681634,2.0891480093315424,2.3290759078973595,8.437190582225652,0.0,1.9862120021668352,0.04854948709459075,0.12747751494587103,3.4630523717606096,2.6221925972575666,1.1958298276027768,0.21152289301296176,0.3056194395461615,0.15338323934305273,0.5918925594299245,0.11010287784345162,0.372627049682458,0.5148662327732533,0.7987656628988787,9815.724243141127,182.1932294962526,0.11518270433095011,24.11606365851329
4.7,16.574407472437898,23.70897338359655,0.037562848986832154,3.805642127960434,1.9221342301580993,2.3364009909319168,8.835663839163162,0.0,1.864355321167523,0.03634658395897831,0.11833044866491894,3.3839661812997432,2.6805893606075664,1.1882620792552965,0.19544849666318267,0.28879191708616603,0.13107974412720996,0.5792715053574661,0.10395916432259428,0.34835199948154316,0.49846387114286095,0.7987523074251607,9805.89071664539,192.02675599199458,0.1151827043309502,25.344309680542818
4.8,16.574616257652412,23.70927204182558,0.03263974989638619,3.8056900670390217,1.9221584429823262,2.3364304222097276,8.825043026824343,0.0,1.7341228757406142,0.031195104575467866,0.11358540641712375,3.3710377808816587,2.6786069590859722,1.1825269830182277,0.18600773375325394,0.28521170549096253,0.12651122986978075,0.5724627880655686,0.09927847708523702,0.34835638761718957,0.4945369709287032,0.7987422457940339,9796.06407703509,201.8533956022962,0.1151827043309502,26.571345559592036
4.9,16.574827787031452,23.709574625466427,0.02578463790176184,3.8057386362044636,1.9221829740475889,2.336460240317274,8.81453114034283,0.0,1.604038854778498,0.02610511845335327,0.10889153937466986,3.3582807638862793,2.6766425537289082,1.1768447523861716,0.17666266029963074,0.2816958999080001,0.1220268693590068,0.5657255356772078,0.09464059949597776,0.34836083342825713,0.4906742612624722,0.7987320521764487,9786.243939895494,211.67353274192675,0.11518270433095092,27.79716703830096
5.0,16.57503881768253,23.70987649569847,0.01907268191467432,3.8057870908572022,1.9222074472753603,2.3364899881219414,8.80402937058035,0.0,1.4739454634518498,0.02102010571051583,0.10420225717275834,3.3455361536410058,2.6746800207932915,1.171168053589218,0.16732671556440673,0.2781835249413855,0.11754688873148136,0.558994856838546,0.0900072522864974,0.34836526875732743,0.4868153175188611,0.7987218828518643,9776.429873227615,221.48759940985298,0.11518270433095187,29.021775075490474
5.1,49.69695399146674,22.85787568946384,0.009359404419323838,3.6690283156540304,1.8531340256938353,2.252529561166464,8.476889964975712,0.0,1.2423256987446982,0.015386743275842935,0.09577436057379124,3.213792537955449,2.5764375279205747,1.1231023183132873,0.15181423024727878,0.26551733376149805,0.10996686499974444,0.5321523515434984,0.08190291163033292,0.3358469627299109,0.46625508918443304,0.8284933146940936,9766.621391448467,231.29608118979894,0.11518270433095236,30.201192409707946
5.2,49.69761379941626,22.85817916496856,0.002342677717991417,3.6690770279768663,1.853158629064306,2.25255946716275,8.466389198815053,0.0,1.0642981447014253,0.010496491836321826,0.09113116428495124,3.202144970623698,2.574380743034287,1.1172241396740008,0.14238877062408933,0.26298972500259943,0.10646967148982574,0.5254990498470832,0.07717333434796782,0.33585142164498716,0.46215739950259016,0.8284823152428679,9756.818131630838,241.0993410074268,0.1151827043309634,31.379442081540724
5.3,49.69826417169151,22.858478300577975,4.031342724823661e-15,3.6691250436820835,1.8531828805907065,2.2525889454840042,8.453804252684442,0.0,0.8908602220473958,0.005621029984480286,0.08638590359620252,3.1902979214867835,2.5724415819523276,1.1117063969171983,0.13328290204147483,0.26004962643480245,0.10326864113960656,0.515850570038375,0.07232338509545103,0.33585581679468873,0.45881327931454485,0.8284714733767111,9747.019525835078,250.89794680318766,0.11518270433103678,32.556524398122725
5.4,49.6989000609201,22.858770774781068,0.0,3.669171990132721,1.8532065920634937,2.252617767356924,8.442936904556769,0.0,0.7088726460804581,9.345802451352846e-13,0.08165123765902241,3.1770726613175855,2.5704072778581026,1.1058003655065454,0.12359175209541334,0.25633415096604917,0.09999925987253323,0.5092589704341872,0.06764286955141374,0.33586011406947136,0.4547366830255537,0.8284608732208083,9737.224938280313,260.692534357953,0.11518270433103678,33.732439628172884
5.5,49.69953861761323,22.859064475870163,0.0,3.6692191335167728,1.8532304030024007,2.2526467101333365,8.431005213028259,0.0,0.5387890089249793,5.874593044893496e-14,0.07742296938483449,3.1620489582746156,2.568459532027023,1.0993830048838644,0.1137470567034274,0.25179010482711656,0.0959162956651603,0.49909510995671336,0.06298911479209814,0.335864429358272,0.45009537286384366,0.8284502288717801,9727.433657188098,270.4838154501675,0.11518270433190751,34.907187840469
5.6,49.70015320022269,22.85934715019606,0.0,3.6692645069416656,1.853253319979403,2.252674566277273,8.419915206965758,0.0,0.3656452149601995,5.871521780682613e-14,0.07242454569552459,3.147986205355629,2.5664428043694207,1.0935110940663069,0.10393131255010374,0.24757501660412135,0.09048440649614613,0.49198467327668294,0.05820139428044054,0.33586858264509023,0.44560000104747205,0.828439984414296,9717.64488565777,280.2725869804973,0.11518270433190755,36.080769418768945
5.7,49.70076732866224,22.859629615627437,0.0,3.669309846835411,1.8532762200208444,2.2527024018355717,8.408856654156706,0.0,0.19252750348251485,0.0,0.06743095976190085,3.1339267850067762,2.564428246607382,1.0876455673975394,0.0941236260805448,0.2433585356438607,0.08506567819437254,0.4848794251343383,0.05341739310815816,0.3358727328626292,0.44110281211896946,0.8284297477804626,9707.857731457563,290.05974118148407,0.11518270433193943,37.2531840162397
5.8,49.7013808581939,22.85991180559323,0.0,3.669355142512812,1.8532990977294548,2.25273021024759,8.397809653787128,0.0,0.01957545894264314,0.0,0.06244228075477203,3.119880832634581,2.562415676489341,1.0817858294847051,0.08432553051507406,0.2391460118738464,0.07965252877931397,0.4777811031367629,0.048638064206420646,0.33587687903267033,0.4366098335038162,0.8284195213821324,9698.07119561534,299.8462770279912,0.1151827043322274,38.424431727893314
5.9,49.70183363285675,22.860120057127773,0.0,3.669388569974929,1.8533159811005677,2.2527507323966507,8.387099834969364,0.0,6.118072330584016e-14,0.0,0.05770020759395866,3.106942250508403,2.560398324596859,1.0759861457687263,0.07482937847886506,0.2357375659464055,0.07532475075019046,0.47092797848711615,0.043905863358795656,0.33587993883772266,0.43279140276777806,0.8284119746309921,9688.284159639834,309.633313004002,0.11518270433223846,39.59451251757045
6.0,49.70226035705443,22.86031632687634,0.0,3.669420074182703,1.8533318930844378,2.252770073800752,8.37796390309893,0.0,9.82504661787041e-16,0.0,0.05215518961172544,3.0940572147278704,2.558467540221191,1.0704598222774273,0.06566773647106379,0.23255154011199766,0.07190069881492839,0.4633006026935635,0.03907110627912805,0.33588282259646823,0.4297810545811189,0.8284048622092897,9678.495371272988,319.42210137084817,0.11518270433248151,40.76342243944474
6.1,49.984755810064115,22.190371606427693,0.0,3.5618840029116003,1.7990181251007562,2.1867503654227884,8.122299418990147,0.0,0.0,0.0,0.04615235860467123,2.990828889049166,2.4815221999190373,1.0334840838642987,0.05458543542728399,0.2224329334268138,0.06569602045705861,0.44318531686781387,0.03338766931412948,0.3260394363339788,0.4133858278521832,0.8534150546330292,9668.703428575063,329.21404406976814,0.11518270433248799,41.896929271148736
6.2,49.98517626866638,22.190558265989612,0.0,3.5619139645417555,1.7990332579673718,2.186768759790888,8.112238154858456,0.0,0.0,0.0,0.04168286896447387,2.978312806146969,2.4795781905633563,1.0278935755216205,0.045437248001494034,0.21913467300623313,0.06160313166418587,0.43665781662163267,0.02885408833831587,0.3260421788918312,0.40959306290907566,0.8534078759907235,9658.907215697263,339.0102569487969,0.11518270433250005,43.02929801361152
6.3,49.98559695287582,22.190745025710402,0.0,3.5619439422489196,1.7990483989541342,2.1867871640292185,8.10196328803328,0.0,0.0,0.0,0.03713815598319633,2.9658785128810234,2.477642423464859,1.0223315409673346,0.03633006656160615,0.2158745246968903,0.057467007042442717,0.430082806339339,0.024315589575303886,0.3260449229213218,0.40592966236813033,0.8534006936173306,9649.105084161107,348.8123884849533,0.11518270433250005,44.16052804107311
6.4,49.98601721684768,22.190931598869724,0.0,3.561973890010203,1.799063524815981,2.1868055498828403,8.091698685166303,0.0,0.0,0.0,0.03259798288989711,2.9534566407071816,2.4757085900783067,1.016775062542536,0.027231982634301193,0.2126176330746448,0.053335014154108795,0.42351436408681103,0.019781624492648777,0.3260476642096946,0.4022699213383915,0.8533935185393988,9639.295195098448,358.62227754766064,0.11518270433250093,45.290618538041265
6.5,49.986437032764144,22.191117973112544,0.0,3.5620038058420858,1.7990786345494107,2.186823916133575,8.081447500382879,0.0,0.0,0.0,0.02806129127107092,2.94104823584176,2.4737767038628444,1.0112240860658162,0.018141788872563507,0.20936537845012745,0.0492047984452361,0.41695245535403724,0.015255206084848767,0.32605040257398865,0.39861480260462,0.8533863512315574,9629.475497431398,368.441975214712,0.11518270433264874,46.419568446490814
6.6,49.98685645539727,22.191304172761043,0.0,3.56203369364852,1.7990937301286951,2.186842265178823,8.071203488035088,0.0,0.0,0.0,0.02353021943363523,2.9286511902049965,2.4718467566842905,1.0056787675674848,0.009061957000802463,0.2061149562771521,0.04508100902415815,0.4103971845468742,0.010730347315835727,0.32605313837359173,0.3949623449091482,0.853379190758267,9619.643703606349,378.27376904166994,0.11518270433282264,47.54737645357099
6.7,49.9872674035143,22.191486610210543,0.0,3.562062977566645,1.7991085206997781,2.186860243478489,8.06063270780035,0.0,0.0,0.0,0.01883173265078733,2.915506726397233,2.4698814883852895,1.0000107071276343,0.004447675120540906,0.20251473736678363,0.04049577688238734,0.4036171909561376,0.006106330611354365,0.3260558188965723,0.390973192688144,0.8533721750802791,9609.797262597125,388.12021005356246,0.1151827043332531,48.67404096416898
6.8,49.98767032158372,22.191665482778646,0.0,3.562091689268519,1.7991230222587151,2.186877870477045,8.050256476937156,0.0,0.0,0.0,0.014223423655514485,2.9025818987911296,2.4679541701983148,0.9944484571705762,0.0,0.1989917744138252,0.03598165221737777,0.39696063155022565,0.0015709464597992735,0.32605844704145587,0.3870623016525824,0.8533652966027052,9599.93332989633,397.9841427547468,0.11518270433327185,49.799559885071595
6.9,49.988043440572014,22.191831126265974,0.0,3.562118277506787,1.7991364513098873,2.1868941938159576,8.03877894772949,0.0,0.0,0.0,0.009598674213108614,2.88897889299244,2.4659574967452866,0.9887737239938122,0.0,0.19500710823314737,0.03086914708293521,0.3902321597447533,2.122945399061071e-13,0.3260608808136403,0.38276169980222263,0.8533589269433958,9590.04873417314,407.86873847797636,0.11518270433327298,50.92393078112665
7.0,49.98840826765663,22.19199308861829,0.0,3.5621442748682424,1.7991495819240302,2.1869101543973857,8.02811470509529,0.0,0.0,0.0,0.004812009587327604,2.874984731638807,2.46402956963435,0.9831690428845536,0.0,0.19086448057409328,0.025559398845379118,0.3833589294580301,3.195483641215273e-14,0.32606326049952117,0.37827850703374316,0.853352698930497,9580.139940210678,417.77753244051524,0.11518270433330643,52.047150335590594
7.1,49.98756136728243,21.56112953935774,0.0,3.460881311634247,1.7480042032114882,2.124741700378494,7.78963944010038,0.0,0.0,0.0,4.429009104221427e-05,2.77960559804483,2.392110641023591,0.9498123611214463,0.0,0.18135988549911222,0.019601939692148934,0.3658099639279057,3.057939779923895e-14,0.3167940873801519,0.3631222560881036,0.878321201226986,9570.203007770328,427.71446488087423,0.1151827043333074,53.13731001998188
7.2,49.98789753849144,21.56127454004978,0.0,3.460904586397489,1.7480159587096726,2.124755989472969,7.779008581997065,0.0,0.0,0.0,1.4284293674234793e-14,2.764884242546593,2.3902522143114524,0.9443895587001421,0.0,0.17661360490082575,0.013525647875985322,0.35892391002319124,5.812081975104914e-15,0.3167962178511841,0.3581258720922686,0.8783152944712525,9560.234831316364,437.68264133483797,0.11518270433345937,54.22634429425205
7.3,49.98823360314757,21.561419494785696,0.0,3.4609278537840886,1.7480277104820967,2.124770274038693,7.7683914855942655,0.0,0.0,0.0,1.3864155133493284e-14,2.7501014499715266,2.388397232526249,0.9389420624300662,0.0,0.1718927896105561,0.007440968004268629,0.35204400959647547,5.560960420185182e-15,0.3167983476469894,0.35312490611568464,0.8783093896669978,9550.230812173279,447.686660477958,0.11518270433582285,55.31424893190237
7.4,49.98856931984762,21.561564299436515,0.0,3.4609510970798048,1.7480394500868244,2.124784543814283,7.757785405433778,0.0,0.0,0.0,1.3864248243974414e-14,2.735333956492053,2.3865441779079273,0.9335002229523655,0.0,0.16717684604880442,0.001362566153523747,0.34517124606626315,5.5609977671201574e-15,0.3168004752376205,0.3481291046949259,0.8783034910558064,9540.18584375197,457.7316288992679,0.11518270433582285,56.40101954374583
7.5,49.9888929204056,21.561703878030723,0.0,3.4609735015156473,1.7480507660043147,2.1247982985878267,7.746845526866464,0.0,0.0,0.0,0.0,2.7196907551395477,2.3847023917752055,0.9280497313968579,0.0,0.1619439310772009,2.632879261835361e-13,0.3380096820173752,0.0,0.3168025260426101,0.34265392517933685,0.8782978054027742,9530.094256539984,467.8232161123197,0.11518270433593893,57.486651121810475
7.6,49.98917496620709,21.561825532816847,0.0,3.4609930289141912,1.7480606288011433,2.1248102870594185,7.739047411341127,0.0,0.0,0.0,0.0,2.7047145645790853,2.3827319234189837,0.9231267193065557,0.0,0.15823255487721002,0.0,0.33168872936094124,0.0,0.31680431349610894,0.3365315853737069,0.8782928499256991,9519.949757359944,477.96771529307006,0.11518270433599612,58.57113772172654
7.7,49.989495378858635,21.56196373636951,0.0,3.4610152126344325,1.7480718332398377,2.12482390632872,7.728106748240691,0.0,0.0,0.0,0.0,2.688684247226665,2.380881526057304,0.9176374227749727,0.0,0.1527969772963185,0.0,0.3245610049237719,0.0,0.31680634409767755,0.33086445226764016,0.8782872204201442,9509.74536236059,488.1721102988805,0.11518270433623372,59.65447200603332
7.8,49.98981501091422,21.56210160323337,0.0,3.461037342312368,1.7480830103842018,2.1248374924200335,7.7171791756442,0.0,0.0,0.0,0.0,2.6727210436243736,2.37903313985873,0.9121484484736643,0.0,0.14738240817612996,0.0,0.3174255128642376,0.0,0.3168083697525597,0.32523680142660105,0.8782816047010981,9499.473323110447,498.44414954902624,0.11518270433623372,60.73664753150537
7.9,49.9901343003286,21.562239322305835,0.0,3.461059448267591,1.7480941755468198,2.124851063947243,7.706263317255748,0.0,0.0,0.0,0.0,2.6567749523575337,2.377186735104825,0.9066653582775688,0.0,0.14197364339982022,0.0,0.3102976699543844,0.0,0.31681039323596755,0.3196151833501247,0.8782759950737232,9489.125045032994,508.7924276264824,0.11518270433623372,61.81765607514928
8.0,49.99045324436442,21.562376892406196,0.0,3.46108153031058,1.748105328631969,2.124864620793995,7.695359266661297,0.0,0.0,0.0,0.0,2.640846110138284,2.375342327625545,0.901188199195384,0.0,0.1365707293388656,0.0,0.30317753730402397,0.0,0.316812414530553,0.3139996462345628,0.87827039158588,9478.690997705433,519.2264749540469,0.11518270433623372,62.897488391478625
8.1,49.98788515562989,20.966313554348787,0.0,3.3654045174960827,1.6997812731412554,2.0661255538947136,7.472039598618773,0.0,0.0,0.0,0.0,2.5522875478369014,2.3078880442722602,0.8709939727313298,0.0,0.12749275035628904,0.0,0.28792085092455894,0.0,0.30805455512175955,0.2997980173094696,0.9032392436431882,9468.160616148087,529.7568565113922,0.11518270433623372,63.9463098552825
8.2,49.98819481644759,20.96644343473457,0.0,3.3654253652257475,1.6997918028057541,2.0661383529584745,7.461505995613641,0.0,0.0,0.0,0.0,2.5367647680473002,2.3061132390042625,0.8657231644278469,0.0,0.12219676753497367,0.0,0.2810545284469281,0.0,0.30805646343264875,0.2942844825573809,0.9032336483660596,9457.525678406808,540.3917942526717,0.11518270433623372,64.9939661892909
8.3,49.988504131095645,20.96657316992738,0.0,3.365446189649785,1.699802320699166,2.066151137714193,7.450984195388973,0.0,0.0,0.0,0.0,2.5212593222101005,2.3043404269189662,0.860458270999979,0.0,0.1169066773911757,0.0,0.27419589659426563,0.0,0.30805836961024174,0.2887770877718232,0.9032280594130832,9446.77397247232,551.1435001871599,0.11518270433623372,66.04044512002365
8.4,49.98881309548376,20.966702758211337,0.0,3.365466990492772,1.6998128266823798,2.0661639079927756,7.440474350579809,0.0,0.0,0.0,0.0,2.505771406048938,2.3025696359727235,0.8551993732655282,0.0,0.11162253621616648,0.0,0.2673450533832953,0.0,0.3080602736293271,0.2832758941369313,0.9032224768579434,9435.892014516088,562.0254581439227,0.11518270433631621,67.08573295127516
8.5,49.98913417206476,20.96683742668609,0.0,3.3654886067813754,1.6998237445261746,2.06617717889853,7.4271262512560465,0.0,0.0,0.0,0.0,2.4904832302345503,2.3013170805378214,0.8518852631131482,0.0,0.10648471816781727,0.0,0.2628065654995296,0.0,0.30806225229079603,0.2725677601927881,0.9032166755255197,9424.864922315277,573.0525503448235,0.11518270433851222,68.12981441625611
8.6,49.98944331582775,20.966967090204548,0.0,3.365509419700616,1.6998342566088025,2.0661899565910877,7.4168898496947415,0.0,0.0,0.0,0.0,2.4747741401977663,2.2995543011133326,0.8466770062465016,0.0,0.10104976624627986,0.0,0.25591295720598056,0.0,0.3080641574152505,0.26716488470426814,0.9032110898701612,9413.676277260894,584.2411954006834,0.11518270433875633,69.17267277516625
8.7,49.989751200560974,20.967096225651595,0.0,3.3655301478565542,1.699844725879581,2.0662026822448283,7.406416776324555,0.0,0.0,0.0,0.0,2.4593403083418646,2.29778972137407,0.8414365476345869,0.0,0.09578403181796014,0.0,0.24908610116980884,0.0,0.30806605478085286,0.2616828337955441,0.9032055270317668,9402.307974099856,595.6094985626085,0.1151827043388819,70.21428887479063
8.8,49.99005866433386,20.96722518453255,0.0,3.3655508476714386,1.699855180835432,2.0662153904988023,7.395997128743166,0.0,0.0,0.0,0.0,2.4439795904706267,2.2959989773897926,0.8361426306929798,0.0,0.09063592249409126,0.0,0.2423329397065722,0.0,0.3080679495519316,0.25604782697154116,0.9031999718676671,9390.740057845609,607.1774148172087,0.11518270435101098,71.2546416776408
8.9,49.99036574974254,20.96735398471693,0.0,3.365571522013139,1.6998656229254119,2.066228083113998,7.38559030355628,0.0,0.0,0.0,0.0,2.428637775463654,2.2942104370909804,0.8308552284334867,0.0,0.08549414842174068,0.0,0.23558808866865055,0.0,0.3080698419912298,0.25041975457406446,0.9031944236079471,9378.950546825115,618.9669258381865,0.11518270436312811,72.29370784179591
9.0,49.99067244912601,20.967482622991568,0.0,3.36559217036592,1.6998760518890417,2.066240759773797,7.375196560386837,0.0,0.0,0.0,0.0,2.413315246059011,2.2924241450970193,0.8255744727629194,0.0,0.08035883787472431,0.0,0.22885171632213033,0.0,0.308071732051615,0.24479875700879467,0.9031888823907658,9366.915241311854,631.0022313519519,0.11518270437523007,73.33146146926262
9.1,49.98820628127957,20.403423826938887,0.0,3.2750523615700224,1.654146669086541,2.0106555807482467,7.166655974032929,0.0,0.0,0.0,0.0,2.3334267307131715,2.2290463400343756,0.7983225867782776,0.0,0.07306663201119752,0.0,0.21611130444158413,0.0,0.2997541794985491,0.23287818095530574,0.9281578110337885,9354.607517081162,643.3099555828943,0.11518270438126531,74.3399866871627
9.2,49.988503833475825,20.403545277256057,0.0,3.2750718561487386,1.6541565153081945,2.0106675490707695,7.15657604774569,0.0,0.0,0.0,0.0,2.3184939656897354,2.227353939040316,0.7932914046433468,0.0,0.06794343755841165,0.0,0.20953737640288744,0.0,0.29972607286035097,0.2275515353330246,0.928152286255603,9342.007085472524,655.9103871917865,0.11518270438729271,75.34717611014075
9.3,49.98880098300047,20.40366656321685,0.0,3.2750913243457958,1.6541663482051294,2.0106795011967766,7.146509762426525,0.0,0.0,0.0,0.0,2.3035814088867577,2.2256638283396035,0.7882670311093377,0.0,0.06282717622503277,0.0,0.20297234473313777,0.0,0.29969800425831916,0.22223209815666048,0.9281467690196299,9329.083625219226,668.8338474453883,0.11518270439331364,76.35299654430763
9.4,49.989097718746144,20.403787680288936,0.0,3.275110765433544,1.654176167410135,2.010691436679713,7.136457577023092,0.0,0.0,0.0,0.0,2.288689538217794,2.2239761241706097,0.7832497874315352,0.0,0.05771789653217769,0.0,0.19641655143574072,0.0,0.2996699598805022,0.21691993792571063,0.9281412595318379,9315.80394298763,682.1135297037606,0.11518270439331364,77.3574113734354
9.5,49.98939402917915,20.403908623763375,0.0,3.275130178656292,1.6541859725412285,2.010703355055466,7.126419838901736,0.0,0.0,0.0,0.0,2.273819059229125,2.222290822094952,0.7782396933154014,0.0,0.05261599749897183,0.0,0.189870127565462,0.0,0.2996418656341743,0.21161544637587626,0.9281357580060875,9302.131733550486,695.7857391409033,0.11518270439331364,78.3603802364902
9.6,49.989689901043306,20.40402938822947,0.0,3.2751495631455434,1.6541957631597546,2.01071525579084,7.116396957629104,0.0,0.0,0.0,0.0,2.258970590025455,2.2206080144336546,0.773237014635877,0.0,0.047521649782768946,0.0,0.18333339305233018,0.0,0.2996138129701223,0.20631880600007915,0.9281302646882162,9288.027326835016,709.8901458563874,0.11518270439331364,79.36185867862687
9.7,49.98998531987628,20.40414996778421,0.0,3.275168917953777,1.6542055387871444,2.010727138304123,7.106389423127462,0.0,0.0,0.0,0.0,2.24414485640552,2.218927783442987,0.7682419959257712,0.0,0.04243510239719192,0.0,0.1768066674143786,0.0,0.29958580325956796,0.20103027570008353,0.9281247798464447,9273.447422047726,724.4700506436914,0.11518270439331364,80.36179777419758
9.8,49.99028027034295,20.404270356168333,0.0,3.2751882420762897,1.6542152989159475,2.0107390019784956,7.096397799922234,0.0,0.0,0.0,0.0,2.229342746373116,2.2172502199390367,0.7632549108839584,0.0,0.03735667913863589,0.0,0.17029032120339335,0.0,0.2995575279603753,0.19575018758802484,0.9281193037651851,9258.344810443625,739.5726622478063,0.11518270439331364,81.36014372050221
9.9,49.99057473440017,20.404390546017225,0.0,3.2752075343309426,1.6542250429490926,2.0107508460882038,7.0864226541272535,0.0,0.0,0.0,0.0,2.214565046832799,2.215575422942737,0.7582760501560912,0.0,0.03228663082192784,0.0,0.16378472124529234,0.0,0.29952929929060723,0.19047880698785324,0.9281138367791135,9242.668088271283,755.2493844202393,0.1151827043933154,82.35683740113465
10.0,49.99086869265118,20.40451052941494,0.0,3.2752267934471258,1.6542347702448323,2.010762669853188,7.076464987103337,0.0,0.0,0.0,0.0,2.1998126940628935,2.213903602523702,0.7533059965239891,0.0,0.027225084134746162,0.0,0.15729049244768017,0.0,0.29950070113934973,0.18521631339982386,0.9281083792479741,9226.3613622418,771.5561104497226,0.11518270439335027,83.35181391794897
10.1,49.98850973941736,19.8699467314494,0.0,3.189421369622838,1.6108966063504355,1.9580840756739986,6.881353714502633,0.0,0.0,0.0,0.0,2.12782868870108,2.15426530834559,0.728735195189532,0.0,0.02159159363964211,0.0,0.14685612329981193,0.0,0.2916247765865562,0.17524748510705196,0.9530774014018774,9209.363950590478,788.5535221010452,0.11518270439338506,84.31897670607387
10.2,49.98879493182692,19.870060092661102,0.0,3.189439565779877,1.6109057967722158,1.9580952468556039,6.871691416297158,0.0,0.0,0.0,0.0,2.113515165330398,2.1526429248615577,0.7239129809425209,0.0,0.016680718514016653,0.0,0.14055519569376798,0.0,0.2915969849900551,0.17014162138786887,0.9530719639744832,9191.631684474965,806.2857882165639,0.11518270439341992,85.28432304667535
10.3,49.98907960271625,19.870173246572886,0.0,3.189457728662073,1.6109149703874253,1.9581063976085522,6.862102127510058,0.0,0.0,0.0,0.0,2.0992532849658754,2.1510371309430862,0.7191357179232009,0.0,0.011767655747867423,0.0,0.13429890292119942,0.0,0.2914369983148184,0.16503841036883857,0.9530665365521591,9173.097399234788,824.8200734583287,0.11518270439347383,86.24777228124971
10.4,49.989363688685856,19.87028616798469,0.0,3.1894758542245825,1.6109241251533701,1.9581175254497714,6.852532542052266,0.0,0.0,0.0,0.0,2.0850207088109873,2.14943463648582,0.7143682708546183,0.0,0.006864687963331769,0.0,0.12805546509535828,0.0,0.2912773403677576,0.15994568503327214,0.9530611203433068,9153.688742422924,844.2287302718966,0.11518270439352991,87.20923643085447
10.5,49.98964716175914,19.870398845775217,0.0,3.1894939406820204,1.61093326016861,1.958128629283479,6.842983790993996,0.0,0.0,0.0,0.0,2.070818925111552,2.147835645761262,0.7096112324495161,0.0,0.0019722597632352823,0.0,0.12182560994748064,0.0,0.29111757687375434,0.15486392396715012,0.9530557158809708,9133.327939394589,864.5895333015442,0.11518270439355936,88.16861963784282
10.6,49.98992467736566,19.870509155531067,0.0,3.1895116470349065,1.6109422032025624,1.958139499759367,6.833157248432209,0.0,0.0,0.0,0.0,2.0557066778877187,2.146228326819757,0.7047930615404211,0.0,0.000979942268099355,0.0,0.11539048590667862,0.0,0.2897552220794367,0.14931102660608492,0.9530504250581351,9111.931582667541,885.985890028804,0.11518270439365369,89.12581758640121
10.7,49.990199874939904,19.870618543891915,0.0,3.1895292054901314,1.6109510715373216,1.9581502794363481,6.823350801232504,0.0,0.0,0.0,0.0,2.0405639394359767,2.144629009603672,0.6999942817245145,0.0,0.0004882444071542633,0.0,0.10896555480166487,0.0,0.2882477630752731,0.14372957240419937,0.9530451784864911,9089.410453861377,908.5070188356289,0.11518270439477205,90.08071680043905
10.8,49.990473476653484,19.87072729790844,0.0,3.189546662122938,1.6109598884424436,1.9581609966005606,6.813570490944934,0.0,0.0,0.0,0.0,2.025431265107796,2.143036281472468,0.6952129983025827,0.0,0.0002436688968122316,0.0,0.10255628380078198,0.0,0.2866713481199492,0.138143300063907,0.9530399623967879,9065.669388500182,932.2480842068837,0.11518270439509772,91.03319419879246
10.9,49.99074585654325,19.870835566267033,0.0,3.189564040801451,1.6109686659763471,1.9581716659049042,6.803834119065268,0.0,0.0,0.0,0.0,2.010364743733998,2.141450566904906,0.6904530761410094,0.0,1.8954423528303638e-15,0.0,0.0961758065531601,0.0,0.28510298277429186,0.13258193570385216,0.9530347696573027,9040.60719481368,957.310277893426,0.11518270439510732,91.98311641075189
11.0,49.99101599626417,19.87094294418036,0.0,3.1895812765502938,1.610977371320076,1.9581822474623187,6.794207997718818,0.0,0.0,0.0,0.0,1.9945759975114756,2.1398033457288794,0.6858033411270157,0.0,6.981324774889456e-16,0.0,0.0896094815026044,0.0,0.2851045234122201,0.12629201970870524,0.9530296196810193,9014.116639809636,983.8008328974703,0.11518270439560702,92.9303391359582
11.1,49.98878571797973,19.363616692948508,0.0,3.1081478832493894,1.5698474102050541,1.908187777565996,6.611356912096877,0.0,0.0,0.0,0.0,1.9283026219546797,2.0835603355790933,0.6637730902325467,0.0,0.0,0.0,0.08094179476064729,0.0,0.27782550250790106,0.11695613636084312,0.9779989708065009,8986.084516541032,1011.8329561665028,0.11518270439611614,93.85059095597008
11.2,49.989048254356796,19.363718388833252,0.0,3.108164206947832,1.5698556548952805,1.9081977991878536,6.601433931666411,0.0,0.0,0.0,0.0,1.914433768767704,2.081986872406965,0.6596856900961241,0.0,0.0,0.0,0.07407981814378344,0.0,0.2778269616210402,0.11024386119266945,0.9779938344753161,8956.438238908246,1041.4792337992887,0.1151827043961768,94.76789881063239
11.3,49.98930597738641,19.363818220223575,0.0,3.108180231367718,1.5698637484271831,1.9082076370730876,6.59284985048508,0.0,0.0,0.0,0.0,1.900173477764487,2.0804858557713475,0.6548005897947248,0.0,0.0,0.0,0.06719989808024518,0.0,0.27689629449689507,0.10528968999222987,0.9779887923662072,8925.06027772381,1072.8571949837249,0.11518270439739468,95.68209161463024
11.4,49.989566554756514,19.363919157268658,0.0,3.108196433261414,1.5698719315965401,1.9082175839149367,6.583550540266113,0.0,0.0,0.0,0.0,1.8857045957602179,2.0789775719883443,0.6502672520023617,0.0,0.0,0.0,0.06110226754523706,0.0,0.275204838869932,0.0999263584721743,0.9779836944674642,8891.828459032251,1106.089013676404,0.11518270439811924,96.59298593549708
11.5,49.98982613381629,19.364019707609035,0.0,3.108212573083264,1.5698800834149673,1.9082274926489662,6.574286857076149,0.0,0.0,0.0,0.0,1.8712911461769186,2.0774750666629704,0.6457512820957025,0.0,0.0,0.0,0.05502799793215117,0.0,0.2735198634589463,0.0945835746662081,0.9779786161523649,8856.616470308625,1141.3010024011508,0.11518270439884114,97.50038577404987
11.6,49.99008469687146,19.364119864390663,0.0,3.108228649733277,1.5698882033269987,1.9082373625998894,6.565061992892636,0.0,0.0,0.0,0.0,1.8569309030553587,2.0759789129192723,0.6412554854184083,0.0,0.0,0.0,0.0489763161263089,0.0,0.27183984428789454,0.08926254323626727,0.9779735577664742,8819.294507992961,1178.6229647168145,0.11518270439884133,98.40408196363751
11.7,49.99034209925262,19.36421957157105,0.0,3.10824465421488,1.5698962867888153,1.9082471882442147,6.555876225509359,0.0,0.0,0.0,0.0,1.8426379675603792,2.074489093850557,0.6367777252962875,0.0,0.0,0.0,0.04295264040443712,0.0,0.27016889032961333,0.08396477765875504,0.9779685221392851,8779.730079246,1218.187393474916,0.11518270439903812,99.30385192405608
11.8,49.990598304577,19.3643188150632,0.0,3.108260584268016,1.569904332657987,1.9082569681946466,6.546733097120206,0.0,0.0,0.0,0.0,1.8284123525413567,2.0730061272024938,0.6323203660135767,0.0,0.0,0.0,0.036957887706363914,0.0,0.2685049449958975,0.07869115758667174,0.9779635099819807,8737.78896694267,1260.1285057804103,0.11518270439911646,100.19945943337905
11.9,49.99085324894284,19.364417570109985,0.0,3.1082764359177735,1.569912338927295,1.9082667000104532,6.537634968209601,0.0,0.0,0.0,0.0,1.8142567513323264,2.071530459229754,0.6278849443909187,0.0,0.0,0.0,0.030992639214339816,0.0,0.26684918905503396,0.07344349254239728,0.9779585225438662,8693.336364781293,1304.5811079478872,0.11518270439928713,101.0906545114063
12.0,49.991106860344075,19.36451580881486,0.0,3.1082922046845276,1.5699203033318536,1.9082763809406782,6.5285845538747145,0.0,0.0,0.0,0.0,1.8001747774555,2.070062567892173,0.6234729877852249,0.0,0.0,0.0,0.02505818361172813,0.0,0.2652022243787018,0.06822349239417425,0.9779535612328084,8646.23818468477,1351.6792880444102,0.1151827044005793,101.97717342553992
