time_h,nutrient_mmol,biomass_gdw,liquid_volume_l,nutrient_mmol_l,biomass_gdw_l,liquid_plus_biomass_kg
0.0,10.0,0.1,1.0,10.0,0.1,1.0001
0.1,9.979798621535037,0.10202013784649643,0.9999979798621536,9.97981878214466,0.10202034394165432,1.0001
0.2,9.959189186281016,0.10408108137189861,0.999995918918628,9.959229830708358,0.10408150613699448,1.0001
0.3,9.938163405774125,0.10618365942258752,0.9999938163405774,9.938224860371927,0.10618431603023387,1.0001
0.4,9.916712868954155,0.10832871310458467,0.9999916712868954,9.916795463098484,0.10832961535087166,1.0001
0.5,9.894829004306482,0.11051709956935206,0.9999894829004308,9.894933070302812,0.1105182619009167,1.0001
0.6,9.872503059537841,0.11274969404621596,0.9999872503059538,9.872628932536163,0.11275113158864708,1.0001
0.7,9.849726103125624,0.11502738968743795,0.9999849726103126,9.849874121022413,0.11502911827482366,1.0001
0.8,9.826489023737627,0.11735109762623752,0.9999826489023739,9.82665952706642,0.11735313383191937,1.0001
0.9,9.802782529451834,0.11972174705481664,0.9999802782529449,9.802975861262157,0.11972410822339542,1.0001
1.0,9.77859713282671,0.12214028671732913,0.9999778597132826,9.778813638564424,0.12214299099817034,1.0001
1.1,9.753923157824362,0.12460768421756384,0.9999753923157825,9.75416318519183,0.1246107505995647,1.0001
1.2,9.728750735386516,0.12712492646134857,0.9999728750735386,9.72901463419301,0.12712837480916642,1.0001
1.3,9.703069796480339,0.12969302035196623,0.9999703069796481,9.703357918484494,0.1296968714438096,1.0001
1.4,9.676870068289695,0.13231299317103054,0.9999676870068288,9.677182767030363,0.1323172687380317,1.0001
1.5,9.650141070450923,0.13498589295490787,0.9999650141070454,9.650478701065719,0.1349906157221394,1.0001
1.6,9.622872111025082,0.13771278889749197,0.9999622872111024,9.623235030056282,0.13771798262669818,1.0001
1.7,9.595052282261788,0.1404947717738211,0.9999595052282262,9.595440847448975,0.1405004613079359,1.0001
1.8,9.56667045573377,0.143332954426623,0.9999566670455735,9.567085025793187,0.14333916573615937,1.0001
1.9,9.537715278233197,0.14622847217668017,0.9999537715278234,9.538156212622289,0.14623523240805278,1.0001
2.0,9.508175167326964,0.14918248326730368,0.9999508175167325,9.50864282599365,0.14918982079316853,1.0001
2.1,9.478038306615376,0.1521961693384624,0.9999478038306615,9.47853304973152,0.15220411381016083,1.0001
2.2,9.447292640942136,0.15527073590578636,0.9999447292640942,9.447814828620416,0.1552793183079802,1.0001
2.3,9.415925871614373,0.15840741283856288,0.9999415925871615,9.416475863607623,0.15841666554614794,1.0001
2.4,9.383925451508514,0.1616074548491485,0.9999383925451508,9.384503606890757,0.16161741168654184,1.0001
2.5,9.351278580038205,0.16487214199617944,0.9999351278580039,9.35188525686652,0.1648828382990783,1.0001
2.6,9.317972198018854,0.16820278019811466,0.9999317972198019,9.318607752975183,0.16821425287782987,1.0001
2.7,9.283992982450583,0.17160070175494166,0.9999283992982451,9.284657770462502,0.17161298936541047,1.0001
2.8,9.249327341192558,0.17506726588074392,0.999924932734119,9.250021715032045,0.1750804086883335,1.0001
2.9,9.213961407528506,0.17860385924714925,0.9999213961407528,9.214685717387644,0.1786178993033651,1.0001
3.0,9.177881034613595,0.1822118965386405,0.9999177881034613,9.178635627656181,0.18222687775586113,1.0001
3.1,9.141071789817147,0.18589282101828522,0.9999141071789815,9.141857009705058,0.1859087892486459,1.0001
3.2,9.103518948950766,0.18964810510492325,0.9999103518948951,9.10433513534389,0.18966510822247992,1.0001
3.3,9.065207490375842,0.1934792509624156,0.9999065207490377,9.066054978404406,0.19349733894872373,1.0001
3.4,9.026122088999228,0.19738779110007704,0.9999026122088996,9.027001208707205,0.19740701613332598,1.0001
3.5,8.986247110139248,0.20137528898607512,0.999898624711014,8.987158185897506,0.20139570553392416,1.0001
3.6,8.945566603272916,0.20544333967270814,0.9998945566603271,8.946509953160794,0.2054650045889779,1.0001
3.7,8.904064295655514,0.2095935704344484,0.9998904064295658,8.905040230809268,0.20961654305982438,1.0001
3.8,8.86172358580865,0.2138276414191349,0.9998861723585809,8.862732409735377,0.21385198368605068,1.0001
3.9,8.818527536884964,0.21814724631150328,0.9998818527536883,8.819569544740329,0.2181730228533729,1.0001
4.0,8.774458869889092,0.22255411301109068,0.9998774458869889,8.775534347717274,0.2225813912760713,1.0001
4.1,8.729499956766935,0.22705000432330644,0.9998729499956767,8.730609180701087,0.2270788546927769,1.0001
4.2,8.683632813354219,0.23163671866457805,0.9998683632813354,8.684776048775616,0.23166721457652706,1.0001
4.3,8.636839092179809,0.23631609078201882,0.9998636839092182,8.638016592833852,0.23634830885954544,1.0001
4.4,8.589100075132588,0.24108999248674098,0.9998589100075133,8.590312082199725,0.24112401267187722,1.0001
4.5,8.540396665969384,0.24596033340306145,0.9998540396665969,8.541643407088893,0.24599623909613583,1.0001
4.6,8.490709382677464,0.2509290617322536,0.9998490709382678,8.491991070922037,0.25096693993702407,1.0001
4.7,8.440018349681475,0.2559981650318523,0.9998440018349681,8.44133518248036,0.25603810650664555,1.0001
4.8,8.388303289889908,0.2611696710110089,0.999838830328989,8.389655447898342,0.26121177042611265,1.0001
4.9,8.335543516590713,0.2664456483409286,0.9998335543516591,8.336931162503229,0.2664900044424944,1.0001
5.0,8.281717925171288,0.271828207482871,0.9998281717925172,8.283141202476436,0.2718749232635949,1.0001
5.1,8.226804984677736,0.2773195015322263,0.9998226804984677,8.228264016351591,0.2773686844090864,1.0001
5.2,8.1707827292022,0.2829217270797799,0.9998170782729199,8.17227761633796,0.2829734890791202,1.0001
5.3,8.113628749092834,0.28863712509071615,0.9998113628749091,8.115159569463671,0.2886915830409789,1.0001
5.4,8.055320181997095,0.2944679818002903,0.9998055320181995,8.056886988549353,0.29452525753271197,1.0001
5.5,7.995833703710896,0.30041662962891025,0.9997995833703711,7.997436522984503,0.3004768501865061,1.0001
5.6,7.93514551885015,0.3064854481149849,0.9997935145518849,7.936784349323113,0.3065487459701657,1.0001
5.7,7.873231351332303,0.31267686486676954,0.9997873231351333,7.87490616168589,0.31274337814794184,1.0001
5.8,7.810066434661855,0.3189933565338143,0.9997810066434664,7.811777161963046,0.3190632292613367,1.0001
5.9,7.745625502031647,0.3254374497968351,0.9997745625502031,7.747372049829188,0.32551083212871146,1.0001
6.0,7.679882776216871,0.3320117223783126,0.9997679882776218,7.681665012547165,0.3320887708660237,1.0001
