time_h,segment_index,feed_applied,nutrient_mmol,biomass_gdw,liquid_volume_l,nutrient_mmol_l,biomass_gdw_l,liquid_plus_biomass_kg
0.0,0,0,10.0,0.1,1.0,10.0,0.1,1.0001
0.1,0,0,9.979798621535037,0.10202013784649643,0.9999979798621536,9.97981878214466,0.10202034394165432,1.0001
0.2,0,0,9.959189186281016,0.10408108137189861,0.999995918918628,9.959229830708358,0.10408150613699448,1.0001
0.3,0,0,9.938163405774125,0.10618365942258752,0.9999938163405774,9.938224860371927,0.10618431603023387,1.0001
0.4,0,0,9.916712868954155,0.10832871310458467,0.9999916712868954,9.916795463098484,0.10832961535087166,1.0001
0.5,0,0,9.894829004306482,0.11051709956935206,0.9999894829004308,9.894933070302812,0.1105182619009167,1.0001
0.6,0,0,9.872503059537841,0.11274969404621596,0.9999872503059538,9.872628932536163,0.11275113158864708,1.0001
0.7,0,0,9.849726103125624,0.11502738968743795,0.9999849726103126,9.849874121022413,0.11502911827482366,1.0001
0.8,0,0,9.826489023737627,0.11735109762623752,0.9999826489023739,9.82665952706642,0.11735313383191937,1.0001
0.9,0,0,9.802782529451834,0.11972174705481664,0.9999802782529449,9.802975861262157,0.11972410822339542,1.0001
1.0,0,0,9.77859713282671,0.12214028671732913,0.9999778597132826,9.778813638564424,0.12214299099817034,1.0001
1.1,0,0,9.753923157824362,0.12460768421756384,0.9999753923157825,9.75416318519183,0.1246107505995647,1.0001
1.2,0,0,9.728750735386516,0.12712492646134857,0.9999728750735386,9.72901463419301,0.12712837480916642,1.0001
1.3,0,0,9.703069796480339,0.12969302035196623,0.9999703069796481,9.703357918484494,0.1296968714438096,1.0001
1.4,0,0,9.676870068289695,0.13231299317103054,0.9999676870068288,9.677182767030363,0.1323172687380317,1.0001
1.5,0,0,9.650141070450923,0.13498589295490787,0.9999650141070454,9.650478701065719,0.1349906157221394,1.0001
1.6,0,0,9.622872111025082,0.13771278889749197,0.9999622872111024,9.623235030056282,0.13771798262669818,1.0001
1.7,0,0,9.595052282261788,0.1404947717738211,0.9999595052282262,9.595440847448975,0.1405004613079359,1.0001
1.8,0,0,9.56667045573377,0.143332954426623,0.9999566670455735,9.567085025793187,0.14333916573615937,1.0001
1.9,0,0,9.537715278233197,0.14622847217668017,0.9999537715278234,9.538156212622289,0.14623523240805278,1.0001
2.0,0,0,9.508175167326964,0.14918248326730368,0.9999508175167325,9.50864282599365,0.14918982079316853,1.0001
2.1,0,0,9.478038306615376,0.1521961693384624,0.9999478038306615,9.47853304973152,0.15220411381016083,1.0001
2.2,0,0,9.447292640942136,0.15527073590578636,0.9999447292640942,9.447814828620416,0.1552793183079802,1.0001
2.3,0,0,9.415925871614373,0.15840741283856288,0.9999415925871615,9.416475863607623,0.15841666554614794,1.0001
2.4,0,0,9.383925451508514,0.1616074548491485,0.9999383925451508,9.384503606890757,0.16161741168654184,1.0001
2.5,0,0,9.351278580038205,0.16487214199617944,0.9999351278580039,9.35188525686652,0.1648828382990783,1.0001
2.6,0,0,9.317972198018854,0.16820278019811466,0.9999317972198019,9.318607752975183,0.16821425287782987,1.0001
2.7,0,0,9.283992982450583,0.17160070175494166,0.9999283992982451,9.284657770462502,0.17161298936541047,1.0001
2.8,0,0,9.249327341192558,0.17506726588074392,0.999924932734119,9.250021715032045,0.1750804086883335,1.0001
2.9,0,0,9.213961407528506,0.17860385924714925,0.9999213961407528,9.214685717387644,0.1786178993033651,1.0001
3.0,0,0,9.177881034617409,0.18221189653825898,0.9999177881034618,9.178635627659991,0.1822268777554795,1.0001
3.0,1,1,14.177881034617409,0.18221189653825898,1.1004177881034618,12.884089286717707,0.165584288538534,1.1006
3.1,1,1,14.14107174837187,0.18589282516281258,1.1004141071748372,12.850681989780318,0.16892988189697694,1.1006
3.2,1,1,14.103518905193674,0.1896481094806322,1.1004103518905195,12.81659962664259,0.1723430801562474,1.1005999999999998
3.3,1,1,14.065207426001006,0.19347925739989894,1.1004065207426001,12.781828497807536,0.17582525526051143,1.1006
3.4,1,1,14.026121999619424,0.19738780003805748,1.1004026121999617,12.74635469246836,0.17937780031568007,1.1006
3.5,1,1,13.986247002830082,0.20137529971699167,1.1003986247002828,12.710164015916991,0.1830021368591228,1.1006
3.6,1,1,13.945566485143042,0.2054433514856953,1.1003945566485143,12.67324197569391,0.18669971624670403,1.1006
3.7,1,1,13.904064175759629,0.20959358242403664,1.100390406417576,12.635573787875535,0.1904720190231285,1.1006
3.8,1,1,13.861723464300043,0.21382765356999534,1.10038617234643,12.597144359549452,0.19432055667696707,1.1005999999999998
3.9,1,1,13.818527412049095,0.2181472587950903,1.1003818527412048,12.557938298987041,0.19824687062191643,1.1005999999999998
4.0,1,1,13.77445874177626,0.22255412582237388,1.1003774458741775,12.517939906368543,0.20225253312563968,1.1005999999999998
4.1,1,1,13.729499825710079,0.22705001742899178,1.100372949982571,12.477133162831333,0.20633914840653622,1.1006
4.2,1,1,13.68363267938368,0.2316367320616316,1.1003683632679384,12.435501724845329,0.21050835319701783,1.1006
4.3,1,1,13.636838955164512,0.2363161044835483,1.1003636838955164,12.393028918300233,0.2147618173356468,1.1006
4.4,1,1,13.589099935009488,0.24109000649905074,1.100358909993501,12.349697731887998,0.21910124442985124,1.1006
4.5,1,1,13.5403965230061,0.2459603476993896,1.1003540396523006,12.305490810289307,0.22352837253826985,1.1006
4.6,1,1,13.490709236903088,0.25092907630969097,1.1003490709236903,12.260390446441042,0.22804497494513085,1.1006
4.7,1,1,13.440018200955308,0.25599817990446877,1.1003440018200954,12.214378574994704,0.2326528608153617,1.1006
4.8,1,1,13.38830313812493,0.26116968618750674,1.1003388303138124,12.167436765188626,0.23735387590840737,1.1006
4.9,1,1,13.335543361762271,0.2664456638237723,1.1003335543361763,12.119546213245776,0.2421499033395534,1.1006
5.0,1,1,13.28171776723141,0.27182822327685885,1.100328171776723,12.070687734719307,0.24704286434649048,1.1005999999999998
5.1,1,1,13.22680482354815,0.2773195176451845,1.1003226804823547,12.020841756847037,0.25203471905497243,1.1005999999999998
5.2,1,1,13.170782564809075,0.282921743519092,1.1003170782564808,11.969988310714017,0.2571274672637079,1.1006
5.3,1,1,13.113628581378196,0.28863714186218004,1.1003113628581378,11.918107023192603,0.2623231492515212,1.1006
5.4,1,1,13.055320010897978,0.294467998910202,1.1003055320010897,11.865177108720605,0.267623846600737,1.1006
5.5,1,1,12.995833529157405,0.30041664708425875,1.1002995833529159,11.811177360947026,0.2730316830338211,1.1006
5.6,1,1,12.935145340768491,0.3064854659231502,1.1002935145340769,11.75608614420119,0.2785488252677128,1.1006
5.7,1,1,12.873231169650944,0.31267688303490493,1.1002873231169652,11.69988138478486,0.28417748388587594,1.1005999999999998
5.8,1,1,12.810066249310953,0.31899337506890385,1.1002810066249311,11.642540562074528,0.289919914229369,1.1006
5.9,1,1,12.745625312937428,0.32543746870625667,1.1002745625312937,11.584040699454887,0.29577841730481763,1.1006
6.0,1,1,12.679882583297257,0.3320117416702734,1.1002679882583297,11.52435835506665,0.3017553407109769,1.1006
